,Field_code,hld_id,hld_farm
191,WE9,72,WESTER ELLISTER
192,WE8,72,WESTER ELLISTER
193,WE7,72,WESTER ELLISTER
194,WE6,72,WESTER ELLISTER
195,WE4,72,WESTER ELLISTER
196,WE30,181,CNOC MOR
197,WE3,72,WESTER ELLISTER
198,WE29,264,CROFT NUMBER 3
199,WE23,72,WESTER ELLISTER
200,WE22,72,WESTER ELLISTER
201,WE21,230,SUPERHOLDING
202,WE20,230,SUPERHOLDING
203,WE2,72,WESTER ELLISTER
204,WE16,264,CROFT NUMBER 3
205,WE15,72,WESTER ELLISTER
206,WE14,72,WESTER ELLISTER
207,WE13,72,WESTER ELLISTER
208,WE12,72,WESTER ELLISTER
209,WE11,72,WESTER ELLISTER
210,WE10,72,WESTER ELLISTER
211,WE1,180,EASTER ELLISTER
212,US9,24,BLACK PARK
213,US8,196,UISKENTUIE
214,US7,196,UISKENTUIE
215,US6,196,UISKENTUIE
216,US5,234,BLACKROCK2
217,US4,234,BLACKROCK2
218,US31,196,UISKENTUIE
219,US30,119,LYRABUS CROFT
220,US3,234,BLACKROCK2
221,US29,24,BLACK PARK
222,US28,234,BLACKROCK2
223,US27,196,UISKENTUIE
224,US26,119,LYRABUS CROFT
225,US25,24,BLACK PARK
226,US24,24,BLACK PARK
227,US23,196,UISKENTUIE
228,US22,196,UISKENTUIE
229,US21,196,UISKENTUIE
230,US20,196,UISKENTUIE
231,US2,234,BLACKROCK2
232,US19,196,UISKENTUIE
233,US18,24,BLACK PARK
234,US17,24,BLACK PARK
235,US16,196,UISKENTUIE
236,US15,196,UISKENTUIE
237,US14,24,BLACK PARK
238,US13,196,UISKENTUIE
239,US12,196,UISKENTUIE
240,US11,196,UISKENTUIE
241,US10,196,UISKENTUIE
242,US1,234,BLACKROCK2
243,UK9,34,UPPER KILLEYAN
244,UK8,34,UPPER KILLEYAN
245,UK7,39,UPPER KILLEYAN
246,UK6,34,UPPER KILLEYAN
247,UK5,240,UPPER KILLEYAN
248,UK4,240,UPPER KILLEYAN
249,UK30,76,KINNABUS
250,UK3,39,UPPER KILLEYAN
251,UK24,240,UPPER KILLEYAN
252,UK23,76,KINNABUS
253,UK22,76,KINNABUS
254,UK21,76,KINNABUS
255,UK20,76,KINNABUS
256,UK2,39,UPPER KILLEYAN
257,UK19,76,KINNABUS
258,UK18,76,KINNABUS
259,UK17,76,KINNABUS
260,UK16,76,KINNABUS
261,UK15,76,KINNABUS
262,UK14,76,KINNABUS
263,UK13,76,KINNABUS
264,UK12,76,KINNABUS
265,UK11,76,KINNABUS
266,UK10,76,KINNABUS
267,UK1,240,UPPER KILLEYAN
268,TT9,255,trial farm droppings
269,TT8,255,trial farm droppings
270,TT7,255,trial farm droppings
271,TT6,255,trial farm droppings
272,TT5,255,trial farm droppings
273,TT4,255,trial farm droppings
274,TT30,255,trial farm droppings
275,TT3,255,trial farm droppings
276,TT29,255,trial farm droppings
277,TT23,255,trial farm droppings
278,TT22,255,trial farm droppings
279,TT21,255,trial farm droppings
280,TT2,255,trial farm droppings
281,TT13,255,trial farm droppings
282,TT12,255,trial farm droppings
283,TT11,255,trial farm droppings
284,TT10,255,trial farm droppings
285,TT1,255,trial farm droppings
286,TL9,262,UPPER CRUACH
287,TL8,112,(PART) ISLAND FARM & BOWMORE HOLDINGS
288,TL7,47,WEST CRUACH
289,TL6,262,UPPER CRUACH
290,TL5,262,UPPER CRUACH
291,TL46,111,"CORRARY, (PART) GARTNATRA & (PART) ISLAND FARM"
292,TL45,123,TALLANT
293,TL44,262,UPPER CRUACH
294,TL43,262,UPPER CRUACH
295,TL42,123,TALLANT
296,TL41,123,TALLANT
297,TL40,111,"CORRARY, (PART) GARTNATRA & (PART) ISLAND FARM"
298,TL4,47,WEST CRUACH
299,TL39,116,STEAM MILL CROFT
300,TL38,111,"CORRARY, (PART) GARTNATRA & (PART) ISLAND FARM"
301,TL37,123,TALLANT
302,TL36,123,TALLANT
303,TL35,123,TALLANT
304,TL34,123,TALLANT
305,TL33,226,SUPERHOLDING
306,TL32,123,TALLANT
307,TL31,226,SUPERHOLDING
308,TL30,226,SUPERHOLDING
309,TL3,47,WEST CRUACH
310,TL29,116,STEAM MILL CROFT
311,TL28,123,TALLANT
312,TL27,123,TALLANT
313,TL26,123,TALLANT
314,TL25,123,TALLANT
315,TL24,123,TALLANT
316,TL23,123,TALLANT
317,TL22,123,TALLANT
318,TL21,123,TALLANT
319,TL20,123,TALLANT
320,TL2,47,WEST CRUACH
321,TL19,123,TALLANT
322,TL18,123,TALLANT
323,TL17,123,TALLANT
324,TL16,123,TALLANT
325,TL15,123,TALLANT
326,TL14,123,TALLANT
327,TL13,123,TALLANT
328,TL12,123,TALLANT
329,TL11,262,UPPER CRUACH
330,TL10,262,UPPER CRUACH
331,TL1,205,BOWMORE FIELDS
332,SU9,104,SUNDERLAND
333,SU8,104,SUNDERLAND
334,SU7,104,SUNDERLAND
335,SU6,104,SUNDERLAND
336,SU52,104,SUNDERLAND
337,SU51,104,SUNDERLAND
338,SU50,104,SUNDERLAND
339,SU5,104,SUNDERLAND
340,SU49,104,SUNDERLAND
341,SU48,104,SUNDERLAND
342,SU47,104,SUNDERLAND
343,SU46,104,SUNDERLAND
344,SU44,104,SUNDERLAND
345,SU43,198,FORELAND & WOODSIDE
346,SU42,104,SUNDERLAND
347,SU41,104,SUNDERLAND
348,SU40,136,GRULINMORE
349,SU4,104,SUNDERLAND
350,SU39,104,SUNDERLAND
351,SU38,104,SUNDERLAND
352,SU37,104,SUNDERLAND
353,SU36,104,SUNDERLAND
354,SU35,104,SUNDERLAND
355,SU34,104,SUNDERLAND
356,SU33,104,SUNDERLAND
357,SU32,104,SUNDERLAND
358,SU31,104,SUNDERLAND
359,SU30,104,SUNDERLAND
360,SU3,104,SUNDERLAND
361,SU27,104,SUNDERLAND
362,SU26,104,SUNDERLAND
363,SU25,198,FORELAND & WOODSIDE
364,SU23,198,FORELAND & WOODSIDE
365,SU22,104,SUNDERLAND
366,SU21,104,SUNDERLAND
367,SU20,104,SUNDERLAND
368,SU2,104,SUNDERLAND
369,SU19,104,SUNDERLAND
370,SU18,104,SUNDERLAND
371,SU17,104,SUNDERLAND
372,SU16,104,SUNDERLAND
373,SU15,104,SUNDERLAND
374,SU14,104,SUNDERLAND
375,SU13,104,SUNDERLAND
376,SU12,104,SUNDERLAND
377,SU11,104,SUNDERLAND
378,SU10,104,SUNDERLAND
379,SU1,104,SUNDERLAND
380,SM9,50,SMAULL FARM
381,SM8,50,SMAULL FARM
382,SM7,50,SMAULL FARM
383,SM6,50,SMAULL FARM
384,SM5,50,SMAULL FARM
385,SM4,50,SMAULL FARM
386,SM31,248,smaull
387,SM30,248,smaull
388,SM3,50,SMAULL FARM
389,SM29,248,smaull
390,SM28,248,smaull
391,SM27,248,smaull
392,SM26,248,smaull
393,SM25,248,smaull
394,SM24,248,smaull
395,SM23,248,smaull
396,SM22,248,smaull
397,SM21,248,smaull
398,SM20,248,smaull
399,SM2,50,SMAULL FARM
400,SM19,50,SMAULL FARM
401,SM18,248,smaull
402,SM17,248,smaull
403,SM16,50,SMAULL FARM
404,SM15,50,SMAULL FARM
405,SM14,50,SMAULL FARM
406,SM13,248,smaull
407,SM12,248,smaull
408,SM11,50,SMAULL FARM
409,SM10,50,SMAULL FARM
410,SM1,50,SMAULL FARM
411,SG9,65,SANAIGMHOR
412,SG8,65,SANAIGMHOR
413,SG7,65,SANAIGMHOR
414,SG6,65,SANAIGMHOR
415,SG5,65,SANAIGMHOR
416,SG40,65,SANAIGMHOR
417,SG4,51,BRAIGO FARM
418,SG39,51,BRAIGO FARM
419,SG38,51,BRAIGO FARM
420,SG37,51,BRAIGO FARM
421,SG35,51,BRAIGO FARM
422,SG34,51,BRAIGO FARM
423,SG33,51,BRAIGO FARM
424,SG30,207,PART SANAIG
425,SG3,51,BRAIGO FARM
426,SG29,207,PART SANAIG
427,SG28,51,BRAIGO FARM
428,SG27,51,BRAIGO FARM
429,SG26,65,SANAIGMHOR
430,SG25,65,SANAIGMHOR
431,SG24,65,SANAIGMHOR
432,SG23,65,SANAIGMHOR
433,SG22,65,SANAIGMHOR
434,SG21,65,SANAIGMHOR
435,SG20,65,SANAIGMHOR
436,SG2,51,BRAIGO FARM
437,SG19,65,SANAIGMHOR
438,SG18,65,SANAIGMHOR
439,SG17,65,SANAIGMHOR
440,SG16,65,SANAIGMHOR
441,SG15,65,SANAIGMHOR
442,SG14,65,SANAIGMHOR
443,SG13,65,SANAIGMHOR
444,SG12,65,SANAIGMHOR
445,SG11,65,SANAIGMHOR
446,SG10,65,SANAIGMHOR
447,SG1,51,BRAIGO FARM
448,SC9,187,SCARRABUS
449,SC8,187,SCARRABUS
450,SC7,187,SCARRABUS
451,SC6,187,SCARRABUS
452,SC5,187,SCARRABUS
453,SC4,187,SCARRABUS
454,SC3,187,SCARRABUS
455,SC25,187,SCARRABUS
456,SC24,187,SCARRABUS
457,SC23,187,SCARRABUS
458,SC22,187,SCARRABUS
459,SC21,187,SCARRABUS
460,SC20,187,SCARRABUS
461,SC2,187,SCARRABUS
462,SC19,187,SCARRABUS
463,SC18,187,SCARRABUS
464,SC17,187,SCARRABUS
465,SC15,187,SCARRABUS
466,SC14,187,SCARRABUS
467,SC13,187,SCARRABUS
468,SC12,187,SCARRABUS
469,SC11,187,SCARRABUS
470,SC10,187,SCARRABUS
471,SC1,187,SCARRABUS
472,RM9,226,SUPERHOLDING
473,RM8,226,SUPERHOLDING
474,RM7,266,Newmains
475,RM6,266,Newmains
476,RM5,112,(PART) ISLAND FARM & BOWMORE HOLDINGS
477,RM4,112,(PART) ISLAND FARM & BOWMORE HOLDINGS
478,RM31,226,SUPERHOLDING
479,RM30,226,SUPERHOLDING
480,RM3,226,SUPERHOLDING
481,RM29,226,SUPERHOLDING
482,RM28,226,SUPERHOLDING
483,RM27,155,GARTBREK
484,RM26,155,GARTBREK
485,RM25,155,GARTBREK
486,RM24,153,ARDLARACH
487,RM23,153,ARDLARACH
488,RM22,153,ARDLARACH
489,RM21,154,RONNACHMORE
490,RM20,154,RONNACHMORE
491,RM2,226,SUPERHOLDING
492,RM19,154,RONNACHMORE
493,RM18,154,RONNACHMORE
494,RM17,154,RONNACHMORE
495,RM16,154,RONNACHMORE
496,RM15,226,SUPERHOLDING
497,RM14,226,SUPERHOLDING
498,RM13,226,SUPERHOLDING
499,RM12,226,SUPERHOLDING
500,RM11,226,SUPERHOLDING
501,RM10,226,SUPERHOLDING
502,RM1,226,SUPERHOLDING
503,RK9,38,ROCKSIDE FARM
504,RK8,38,ROCKSIDE FARM
505,RK7,38,ROCKSIDE FARM
506,RK6,38,ROCKSIDE FARM
507,RK5,38,ROCKSIDE FARM
508,RK49,239,Kilchoman House
509,RK48,38,ROCKSIDE FARM
510,RK47,38,ROCKSIDE FARM
511,RK46,38,ROCKSIDE FARM
512,RK45,38,ROCKSIDE FARM
513,RK44,38,ROCKSIDE FARM
514,RK43,38,ROCKSIDE FARM
515,RK42,38,ROCKSIDE FARM
516,RK41,38,ROCKSIDE FARM
517,RK40,239,Kilchoman House
518,RK4,38,ROCKSIDE FARM
519,RK39,239,Kilchoman House
520,RK38,38,ROCKSIDE FARM
521,RK37,38,ROCKSIDE FARM
522,RK36,38,ROCKSIDE FARM
523,RK35,38,ROCKSIDE FARM
524,RK34,38,ROCKSIDE FARM
525,RK33,38,ROCKSIDE FARM
526,RK32,38,ROCKSIDE FARM
527,RK30,38,ROCKSIDE FARM
528,RK3,38,ROCKSIDE FARM
529,RK29,239,Kilchoman House
530,RK28,38,ROCKSIDE FARM
531,RK27,239,Kilchoman House
532,RK26,38,ROCKSIDE FARM
533,RK25,38,ROCKSIDE FARM
534,RK24,38,ROCKSIDE FARM
535,RK23,38,ROCKSIDE FARM
536,RK22,38,ROCKSIDE FARM
537,RK21,38,ROCKSIDE FARM
538,RK20,38,ROCKSIDE FARM
539,RK2,38,ROCKSIDE FARM
540,RK19,38,ROCKSIDE FARM
541,RK18,38,ROCKSIDE FARM
542,RK17,38,ROCKSIDE FARM
543,RK16,38,ROCKSIDE FARM
544,RK15,38,ROCKSIDE FARM
545,RK14,38,ROCKSIDE FARM
546,RK13,38,ROCKSIDE FARM
547,RK12,38,ROCKSIDE FARM
548,RK11,38,ROCKSIDE FARM
549,RK10,38,ROCKSIDE FARM
550,RK1,38,ROCKSIDE FARM
551,RB9,108,COILLABUS
552,RB8,108,COILLABUS
553,RB7,92,UPPER COILLABUS
554,RB6,108,COILLABUS
555,RB5,108,COILLABUS
556,RB4,108,COILLABUS
557,RB38,92,UPPER COILLABUS
558,RB34,108,COILLABUS
559,RB33,108,COILLABUS
560,RB32,108,COILLABUS
561,RB31,108,COILLABUS
562,RB30,108,COILLABUS
563,RB3,108,COILLABUS
564,RB29,108,COILLABUS
565,RB28,108,COILLABUS
566,RB27,108,COILLABUS
567,RB26,108,COILLABUS
568,RB24,92,UPPER COILLABUS
569,RB20,71,UPPER CRAGABUS
570,RB2,108,COILLABUS
571,RB19,71,UPPER CRAGABUS
572,RB18,71,UPPER CRAGABUS
573,RB17,71,UPPER CRAGABUS
574,RB16,71,UPPER CRAGABUS
575,RB15,92,UPPER COILLABUS
576,RB14,92,UPPER COILLABUS
577,RB13,92,UPPER COILLABUS
578,RB12,92,UPPER COILLABUS
579,RB11,92,UPPER COILLABUS
580,RB10,92,UPPER COILLABUS
581,RB1,108,COILLABUS
582,PW9,181,CNOC MOR
583,PW8,264,CROFT NUMBER 3
584,PW7,264,CROFT NUMBER 3
585,PW6,264,CROFT NUMBER 3
586,PW5,181,CNOC MOR
587,PW4,264,CROFT NUMBER 3
588,PW3,264,CROFT NUMBER 3
589,PW2,264,CROFT NUMBER 3
590,PW17,230,SUPERHOLDING
591,PW16,264,CROFT NUMBER 3
592,PW15,181,CNOC MOR
593,PW14,230,SUPERHOLDING
594,PW13,230,SUPERHOLDING
595,PW12,191,NO 1 HOLDING
596,PW11,181,CNOC MOR
597,PW10,264,CROFT NUMBER 3
598,PW1,264,CROFT NUMBER 3
599,PR9,230,SUPERHOLDING
600,PR8,230,SUPERHOLDING
601,PR7,230,SUPERHOLDING
602,PR6,230,SUPERHOLDING
603,PR5,230,SUPERHOLDING
604,PR4,230,SUPERHOLDING
605,PR3,52,PORT A REIDHLEINN
606,PR2,230,SUPERHOLDING
607,PR14,230,SUPERHOLDING
608,PR13,52,PORT A REIDHLEINN
609,PR12,73,2 PORTNAHAVEN
610,PR11,230,SUPERHOLDING
611,PR10,73,2 PORTNAHAVEN
612,PR1,52,PORT A REIDHLEINN
613,PE9,103,NO 12 GORTANDHU & OUTRUN
614,PE8,103,NO 12 GORTANDHU & OUTRUN
615,PE7,172,SUPERHOLDING
616,PE6,118,CAIRNMOR 8;9+11
617,PE53,172,SUPERHOLDING
618,PE52,172,SUPERHOLDING
619,PE51,172,SUPERHOLDING
620,PE50,172,SUPERHOLDING
621,PE5,118,CAIRNMOR 8;9+11
622,PE49,238,"MANSFIELD CROFT, IMMERAVALE & LOWER CRAGABUS"
623,PE48,238,"MANSFIELD CROFT, IMMERAVALE & LOWER CRAGABUS"
624,PE47,172,SUPERHOLDING
625,PE46,172,SUPERHOLDING
626,PE45,238,"MANSFIELD CROFT, IMMERAVALE & LOWER CRAGABUS"
627,PE44,172,SUPERHOLDING
628,PE43,172,SUPERHOLDING
629,PE42,238,"MANSFIELD CROFT, IMMERAVALE & LOWER CRAGABUS"
630,PE41,238,"MANSFIELD CROFT, IMMERAVALE & LOWER CRAGABUS"
631,PE40,88,NO 10 HOLDING
632,PE4,103,NO 12 GORTANDHU & OUTRUN
633,PE39,88,NO 10 HOLDING
634,PE38,172,SUPERHOLDING
635,PE37,250,TIGHCARGAMAN
636,PE36,172,SUPERHOLDING
637,PE35,53,KILBRIDE
638,PE34,53,KILBRIDE
639,PE33,172,SUPERHOLDING
640,PE3,103,NO 12 GORTANDHU & OUTRUN
641,PE28,8,Balaclava & Cornabus
642,PE24,103,NO 12 GORTANDHU & OUTRUN
643,PE23,103,NO 12 GORTANDHU & OUTRUN
644,PE22,118,CAIRNMOR 8;9+11
645,PE21,118,CAIRNMOR 8;9+11
646,PE20,19,IRON PARK
647,PE2,113,STRONDHU & ARDIMERSAY
648,PE2,172,SUPERHOLDING
649,PE19,19,IRON PARK
650,PE18,103,NO 12 GORTANDHU & OUTRUN
651,PE17,103,NO 12 GORTANDHU & OUTRUN
652,PE16,103,NO 12 GORTANDHU & OUTRUN
653,PE15,172,SUPERHOLDING
654,PE14,172,SUPERHOLDING
655,PE13,172,SUPERHOLDING
656,PE12,88,NO 10 HOLDING
657,PE11,88,NO 10 HOLDING
658,PE10,238,"MANSFIELD CROFT, IMMERAVALE & LOWER CRAGABUS"
659,PE1,113,STRONDHU & ARDIMERSAY
660,PE1,172,SUPERHOLDING
661,PC9,46,OCTOMORE
662,PC8,41,PORT CHARLOTTE CROFT
663,PC7,67,PORT CHARLOTTE LOTTS
664,PC6,230,SUPERHOLDING
665,PC57,253,PORT CHARLOTTE CROFT NO.1
666,PC56,252,No.2 Port Mhoir Croft
667,PC55,245,PART CARN
668,PC54,9,CARN (PORT CHARLOTTE)
669,PC53,9,CARN (PORT CHARLOTTE)
670,PC52,9,CARN (PORT CHARLOTTE)
671,PC51,9,CARN (PORT CHARLOTTE)
672,PC50,9,CARN (PORT CHARLOTTE)
673,PC5,67,PORT CHARLOTTE LOTTS
674,PC49,9,CARN (PORT CHARLOTTE)
675,PC48,9,CARN (PORT CHARLOTTE)
676,PC47,9,CARN (PORT CHARLOTTE)
677,PC46,9,CARN (PORT CHARLOTTE)
678,PC45,46,OCTOMORE
679,PC44,46,OCTOMORE
680,PC43,9,CARN (PORT CHARLOTTE)
681,PC42,9,CARN (PORT CHARLOTTE)
682,PC41,9,CARN (PORT CHARLOTTE)
683,PC40,9,CARN (PORT CHARLOTTE)
684,PC4,245,PART CARN
685,PC39,41,PORT CHARLOTTE CROFT
686,PC38,41,PORT CHARLOTTE CROFT
687,PC37,41,PORT CHARLOTTE CROFT
688,PC36,245,PART CARN
689,PC35,46,OCTOMORE
690,PC34,67,PORT CHARLOTTE LOTTS
691,PC33,41,PORT CHARLOTTE CROFT
692,PC32,67,PORT CHARLOTTE LOTTS
693,PC31,67,PORT CHARLOTTE LOTTS
694,PC30,9,CARN (PORT CHARLOTTE)
695,PC3,67,PORT CHARLOTTE LOTTS
696,PC29,9,CARN (PORT CHARLOTTE)
697,PC28,9,CARN (PORT CHARLOTTE)
698,PC27,9,CARN (PORT CHARLOTTE)
699,PC26,89,LORGBA
700,PC25,9,CARN (PORT CHARLOTTE)
701,PC24,9,CARN (PORT CHARLOTTE)
702,PC23,245,PART CARN
703,PC22,67,PORT CHARLOTTE LOTTS
704,PC21,245,PART CARN
705,PC20,245,PART CARN
706,PC2,67,PORT CHARLOTTE LOTTS
707,PC19,82,PORT CHARLOTTE FIELD
708,PC18,132,BOLSAY
709,PC17,132,BOLSAY
710,PC16,46,OCTOMORE
711,PC15,46,OCTOMORE
712,PC14,46,OCTOMORE
713,PC13,46,OCTOMORE
714,PC12,230,SUPERHOLDING
715,PC11,46,OCTOMORE
716,PC10,46,OCTOMORE
717,PC1,67,PORT CHARLOTTE LOTTS
718,OV9,27,ISLAY HOME FARM
719,OV8,27,ISLAY HOME FARM
720,OV7,27,ISLAY HOME FARM
721,OV6,27,ISLAY HOME FARM
722,OV5,37,EORRABUS & SKERROLS
723,OV44,37,EORRABUS & SKERROLS
724,OV43,37,EORRABUS & SKERROLS
725,OV4,37,EORRABUS & SKERROLS
726,OV3,37,EORRABUS & SKERROLS
727,OV29,27,ISLAY HOME FARM
728,OV28,37,EORRABUS & SKERROLS
729,OV27,37,EORRABUS & SKERROLS
730,OV26,37,EORRABUS & SKERROLS
731,OV25,37,EORRABUS & SKERROLS
732,OV24,37,EORRABUS & SKERROLS
733,OV23,37,EORRABUS & SKERROLS
734,OV22,37,EORRABUS & SKERROLS
735,OV21,27,ISLAY HOME FARM
736,OV20,197,CARRABUS & KNOCKDON
737,OV2,27,ISLAY HOME FARM
738,OV19,197,CARRABUS & KNOCKDON
739,OV18,197,CARRABUS & KNOCKDON
740,OV17,27,ISLAY HOME FARM
741,OV16,27,ISLAY HOME FARM
742,OV15,27,ISLAY HOME FARM
743,OV14,27,ISLAY HOME FARM
744,OV13,27,ISLAY HOME FARM
745,OV12,27,ISLAY HOME FARM
746,OV11,27,ISLAY HOME FARM
747,OV10,27,ISLAY HOME FARM
748,OV1,27,ISLAY HOME FARM
805,OV1,46,OCTOMORE
749,OR1,229,SUPERHOLDING
750,OM9,46,OCTOMORE
751,OM8,46,OCTOMORE
752,OM7,46,OCTOMORE
753,OM60,256,LORGBA 2
754,OM6,46,OCTOMORE
755,OM59,230,SUPERHOLDING
756,OM58,258,port charlotte field
757,OM57,46,OCTOMORE
758,OM56,46,OCTOMORE
759,OM55,46,OCTOMORE
760,OM54,100,LOSSIT
761,OM53,230,SUPERHOLDING
762,OM52,230,SUPERHOLDING
763,OM51,230,SUPERHOLDING
764,OM50,230,SUPERHOLDING
765,OM5,46,OCTOMORE
766,OM49,100,LOSSIT
767,OM48,89,LORGBA
768,OM47,89,LORGBA
769,OM46,89,LORGBA
770,OM45,230,SUPERHOLDING
771,OM43,230,SUPERHOLDING
772,OM42,89,LORGBA
773,OM40,63,GARTACHARRA
774,OM4,89,LORGBA
775,OM39,63,GARTACHARRA
776,OM38,63,GARTACHARRA
777,OM37,63,GARTACHARRA
778,OM36,63,GARTACHARRA
779,OM35,230,SUPERHOLDING
780,OM34,46,OCTOMORE
781,OM33,46,OCTOMORE
782,OM32,46,OCTOMORE
783,OM30,46,OCTOMORE
784,OM3,89,LORGBA
785,OM29,46,OCTOMORE
786,OM28,230,SUPERHOLDING
787,OM27,230,SUPERHOLDING
788,OM26,230,SUPERHOLDING
789,OM25,46,OCTOMORE
790,OM24,46,OCTOMORE
791,OM23,46,OCTOMORE
792,OM22,54,PORT BOLSAY
793,OM21,67,PORT CHARLOTTE LOTTS
794,OM2,46,OCTOMORE
795,OM19,46,OCTOMORE
796,OM18,46,OCTOMORE
797,OM17,46,OCTOMORE
798,OM16,46,OCTOMORE
799,OM15,258,port charlotte field
800,OM14,258,port charlotte field
801,OM13,258,port charlotte field
802,OM12,258,port charlotte field
803,OM11,46,OCTOMORE
804,OM10,46,OCTOMORE
806,OF8,36,OCTOFAD FARM
807,OF7,36,OCTOFAD FARM
808,OF6,36,OCTOFAD FARM
809,OF5,36,OCTOFAD FARM
810,OF42,230,SUPERHOLDING
811,OF41,230,SUPERHOLDING
812,OF40,36,OCTOFAD FARM
813,OF4,36,OCTOFAD FARM
814,OF39,36,OCTOFAD FARM
815,OF38,36,OCTOFAD FARM
816,OF37,36,OCTOFAD FARM
817,OF36,36,OCTOFAD FARM
818,OF35,36,OCTOFAD FARM
819,OF34,36,OCTOFAD FARM
820,OF33,36,OCTOFAD FARM
821,OF32,36,OCTOFAD FARM
822,OF31,36,OCTOFAD FARM
823,OF30,36,OCTOFAD FARM
824,OF3,36,OCTOFAD FARM
825,OF29,36,OCTOFAD FARM
826,OF28,36,OCTOFAD FARM
827,OF27,36,OCTOFAD FARM
828,OF26,36,OCTOFAD FARM
829,OF25,36,OCTOFAD FARM
830,OF24,36,OCTOFAD FARM
831,OF23,36,OCTOFAD FARM
832,OF22,36,OCTOFAD FARM
833,OF2,36,OCTOFAD FARM
834,OF19,36,OCTOFAD FARM
835,OF18,36,OCTOFAD FARM
836,OF17,36,OCTOFAD FARM
837,OF16,36,OCTOFAD FARM
838,OF15,36,OCTOFAD FARM
839,OF14,36,OCTOFAD FARM
840,OF13,36,OCTOFAD FARM
841,OF12,36,OCTOFAD FARM
842,OF11,36,OCTOFAD FARM
843,OF10,36,OCTOFAD FARM
844,OF1,36,OCTOFAD FARM
845,NG9,31,KNOCKLEARACH FARM
846,NG8,31,KNOCKLEARACH FARM
847,NG7,31,KNOCKLEARACH FARM
848,NG6,31,KNOCKLEARACH FARM
849,NG5,31,KNOCKLEARACH FARM
850,NG41,115,BARR FARM
851,NG40,115,BARR FARM
852,NG4,31,KNOCKLEARACH FARM
853,NG39,115,BARR FARM
854,NG38,115,BARR FARM
855,NG37,115,BARR FARM
856,NG36,31,KNOCKLEARACH FARM
857,NG35,115,BARR FARM
858,NG34,31,KNOCKLEARACH FARM
859,NG33,31,KNOCKLEARACH FARM
860,NG32,31,KNOCKLEARACH FARM
861,NG31,31,KNOCKLEARACH FARM
862,NG30,115,BARR FARM
863,NG3,237,KEILLS/LOSSIT (LAG ROUTE)
864,NG29,115,BARR FARM
865,NG28,115,BARR FARM
866,NG27,115,BARR FARM
867,NG26,115,BARR FARM
868,NG25,115,BARR FARM
869,NG24,115,BARR FARM
870,NG23,115,BARR FARM
871,NG22,31,KNOCKLEARACH FARM
872,NG21,31,KNOCKLEARACH FARM
873,NG20,31,KNOCKLEARACH FARM
874,NG2,237,KEILLS/LOSSIT (LAG ROUTE)
875,NG19,31,KNOCKLEARACH FARM
876,NG18,31,KNOCKLEARACH FARM
877,NG17,31,KNOCKLEARACH FARM
878,NG16,31,KNOCKLEARACH FARM
879,NG15,31,KNOCKLEARACH FARM
880,NG14,31,KNOCKLEARACH FARM
881,NG13,31,KNOCKLEARACH FARM
882,NG12,31,KNOCKLEARACH FARM
883,NG11,31,KNOCKLEARACH FARM
884,NG10,31,KNOCKLEARACH FARM
885,NG1,237,KEILLS/LOSSIT (LAG ROUTE)
886,NB9,125,BALLYTARSIN
887,NB8,12,NERIBY FARM
888,NB7,12,NERIBY FARM
889,NB6,12,NERIBY FARM
890,NB5,12,NERIBY FARM
891,NB47,12,NERIBY FARM
892,NB46,12,NERIBY FARM
893,NB45,12,NERIBY FARM
894,NB44,12,NERIBY FARM
895,NB43,12,NERIBY FARM
896,NB42,13,DAILL
897,NB41,13,DAILL
898,NB40,12,NERIBY FARM
899,NB4,12,NERIBY FARM
900,NB39,12,NERIBY FARM
901,NB38,12,NERIBY FARM
902,NB37,12,NERIBY FARM
903,NB36,12,NERIBY FARM
904,NB35,12,NERIBY FARM
905,NB34,12,NERIBY FARM
906,NB33,12,NERIBY FARM
907,NB32,12,NERIBY FARM
908,NB31,12,NERIBY FARM
909,NB30,12,NERIBY FARM
910,NB3,125,BALLYTARSIN
911,NB29,12,NERIBY FARM
912,NB28,12,NERIBY FARM
913,NB26,12,NERIBY FARM
914,NB25,12,NERIBY FARM
915,NB24,12,NERIBY FARM
916,NB23,223,DAILL
917,NB22,223,DAILL
918,NB21,223,DAILL
919,NB20,12,NERIBY FARM
920,NB2,125,BALLYTARSIN
921,NB19,12,NERIBY FARM
922,NB18,12,NERIBY FARM
923,NB17,12,NERIBY FARM
924,NB16,12,NERIBY FARM
925,NB15,12,NERIBY FARM
926,NB14,12,NERIBY FARM
927,NB13,12,NERIBY FARM
928,NB12,12,NERIBY FARM
929,NB11,12,NERIBY FARM
930,NB10,125,BALLYTARSIN
931,NB1,125,BALLYTARSIN
932,MY9,20,MULINDRY & AVONLUSSA
933,MY8,20,MULINDRY & AVONLUSSA
934,MY7,20,MULINDRY & AVONLUSSA
935,MY6,20,MULINDRY & AVONLUSSA
936,MY5,20,MULINDRY & AVONLUSSA
937,MY4,20,MULINDRY & AVONLUSSA
938,MY33,226,SUPERHOLDING
939,MY32,226,SUPERHOLDING
940,MY31,20,MULINDRY & AVONLUSSA
941,MY30,20,MULINDRY & AVONLUSSA
942,MY3,20,MULINDRY & AVONLUSSA
943,MY29,20,MULINDRY & AVONLUSSA
944,MY28,20,MULINDRY & AVONLUSSA
945,MY27,20,MULINDRY & AVONLUSSA
946,MY26,20,MULINDRY & AVONLUSSA
947,MY25,20,MULINDRY & AVONLUSSA
948,MY24,20,MULINDRY & AVONLUSSA
949,MY23,20,MULINDRY & AVONLUSSA
950,MY22,20,MULINDRY & AVONLUSSA
951,MY21,20,MULINDRY & AVONLUSSA
952,MY20,123,TALLANT
953,MY2,20,MULINDRY & AVONLUSSA
954,MY19,123,TALLANT
955,MY18,20,MULINDRY & AVONLUSSA
956,MY17,20,MULINDRY & AVONLUSSA
957,MY16,20,MULINDRY & AVONLUSSA
958,MY15,21,GARTLOIST FARM
959,MY14,21,GARTLOIST FARM
960,MY13,20,MULINDRY & AVONLUSSA
961,MY12,20,MULINDRY & AVONLUSSA
962,MY11,20,MULINDRY & AVONLUSSA
963,MY10,20,MULINDRY & AVONLUSSA
964,MY1,20,MULINDRY & AVONLUSSA
965,MR9,60,AUCHNACLACH FARM
966,MR8,14,PERSABUS FARM
967,MR7,60,AUCHNACLACH FARM
968,MR6,60,AUCHNACLACH FARM
969,MR5,60,AUCHNACLACH FARM
970,MR4,60,AUCHNACLACH FARM
971,MR34,14,PERSABUS FARM
972,MR33,60,AUCHNACLACH FARM
973,MR32,60,AUCHNACLACH FARM
974,MR31,60,AUCHNACLACH FARM
975,MR30,60,AUCHNACLACH FARM
976,MR3,60,AUCHNACLACH FARM
977,MR29,26,BALULIVE FARM
978,MR28,26,BALULIVE FARM
979,MR27,26,BALULIVE FARM
980,MR26,26,BALULIVE FARM
981,MR25,26,BALULIVE FARM
982,MR24,26,BALULIVE FARM
983,MR23,14,PERSABUS FARM
984,MR22,26,BALULIVE FARM
985,MR21,26,BALULIVE FARM
986,MR20,26,BALULIVE FARM
987,MR2,60,AUCHNACLACH FARM
988,MR19,26,BALULIVE FARM
989,MR18,26,BALULIVE FARM
990,MR17,26,BALULIVE FARM
991,MR16,14,PERSABUS FARM
992,MR15,14,PERSABUS FARM
993,MR14,14,PERSABUS FARM
994,MR13,14,PERSABUS FARM
995,MR12,26,BALULIVE FARM
996,MR11,26,BALULIVE FARM
997,MR10,14,PERSABUS FARM
998,MR1,60,AUCHNACLACH FARM
999,mo4,243,appollo 13
1000,mo3,243,appollo 13
1001,mo2,243,appollo 13
1002,mo1,254,shooting fields
1003,MN9,215,BALLYMEANACH
1004,MN8,215,BALLYMEANACH
1005,MN7,215,BALLYMEANACH
1006,MN6,191,NO 1 HOLDING
1007,MN5,215,BALLYMEANACH
1008,MN41,181,CNOC MOR
1009,MN40,181,CNOC MOR
1010,MN4,215,BALLYMEANACH
1011,MN39,181,CNOC MOR
1012,MN38,181,CNOC MOR
1013,MN37,264,CROFT NUMBER 3
1014,MN36,264,CROFT NUMBER 3
1015,MN35,230,SUPERHOLDING
1016,MN34,181,CNOC MOR
1017,MN33,230,SUPERHOLDING
1018,MN32,191,NO 1 HOLDING
1019,MN31,191,NO 1 HOLDING
1020,MN30,191,NO 1 HOLDING
1021,MN3,215,BALLYMEANACH
1022,MN29,73,2 PORTNAHAVEN
1023,MN28,181,CNOC MOR
1024,MN27,181,CNOC MOR
1025,MN26,181,CNOC MOR
1026,MN25,215,BALLYMEANACH
1027,MN24,215,BALLYMEANACH
1028,MN23,215,BALLYMEANACH
1029,MN22,215,BALLYMEANACH
1030,MN21,215,BALLYMEANACH
1031,MN20,215,BALLYMEANACH
1032,MN2,191,NO 1 HOLDING
1033,MN19,191,NO 1 HOLDING
1034,MN18,191,NO 1 HOLDING
1035,MN17,73,2 PORTNAHAVEN
1036,MN16,191,NO 1 HOLDING
1037,MN15,73,2 PORTNAHAVEN
1038,MN13,73,2 PORTNAHAVEN
1039,MN12,215,BALLYMEANACH
1040,MN11,215,BALLYMEANACH
1041,MN10,215,BALLYMEANACH
1042,MN1,191,NO 1 HOLDING
1043,MC9,197,CARRABUS & KNOCKDON
1044,MC8,197,CARRABUS & KNOCKDON
1045,MC7,197,CARRABUS & KNOCKDON
1046,MC6,197,CARRABUS & KNOCKDON
1047,MC5,197,CARRABUS & KNOCKDON
1048,MC47,197,CARRABUS & KNOCKDON
1049,MC46,197,CARRABUS & KNOCKDON
1050,MC45,197,CARRABUS & KNOCKDON
1051,MC44,196,UISKENTUIE
1052,MC43,197,CARRABUS & KNOCKDON
1053,MC42,197,CARRABUS & KNOCKDON
1054,MC41,197,CARRABUS & KNOCKDON
1055,MC40,193,KNOCKDON
1056,MC4,197,CARRABUS & KNOCKDON
1057,MC39,193,KNOCKDON
1058,MC38,193,KNOCKDON
1059,MC37,193,KNOCKDON
1060,MC36,193,KNOCKDON
1061,MC35,193,KNOCKDON
1062,MC34,193,KNOCKDON
1063,MC33,197,CARRABUS & KNOCKDON
1064,MC32,197,CARRABUS & KNOCKDON
1065,MC31,197,CARRABUS & KNOCKDON
1066,MC30,197,CARRABUS & KNOCKDON
1067,MC3,197,CARRABUS & KNOCKDON
1068,MC29,197,CARRABUS & KNOCKDON
1069,MC28,197,CARRABUS & KNOCKDON
1070,MC27,197,CARRABUS & KNOCKDON
1071,MC26,197,CARRABUS & KNOCKDON
1072,MC25,197,CARRABUS & KNOCKDON
1073,MC24,197,CARRABUS & KNOCKDON
1074,MC23,197,CARRABUS & KNOCKDON
1075,MC22,197,CARRABUS & KNOCKDON
1076,MC21,197,CARRABUS & KNOCKDON
1077,MC20,197,CARRABUS & KNOCKDON
1078,MC19,197,CARRABUS & KNOCKDON
1079,MC18,197,CARRABUS & KNOCKDON
1080,MC17,197,CARRABUS & KNOCKDON
1081,MC16,197,CARRABUS & KNOCKDON
1082,MC15,197,CARRABUS & KNOCKDON
1083,MC13,197,CARRABUS & KNOCKDON
1084,MC12,197,CARRABUS & KNOCKDON
1085,MC11,197,CARRABUS & KNOCKDON
1086,MC10,197,CARRABUS & KNOCKDON
1087,MC1,197,CARRABUS & KNOCKDON
1088,LY9,119,LYRABUS CROFT
1089,LY8,261,MUIRHEAD CROFT
1090,LY7,121,LYRABUS MOOR CROFT
1091,LY6,119,LYRABUS CROFT
1092,LY5,24,BLACK PARK
1093,LY4,119,LYRABUS CROFT
1094,LY32,196,UISKENTUIE
1095,LY31,196,UISKENTUIE
1096,LY30,196,UISKENTUIE
1097,LY3,119,LYRABUS CROFT
1098,LY29,196,UISKENTUIE
1099,LY28,196,UISKENTUIE
1100,LY27,196,UISKENTUIE
1101,LY26,196,UISKENTUIE
1102,LY25,196,UISKENTUIE
1103,LY24,196,UISKENTUIE
1104,LY23,196,UISKENTUIE
1105,LY22,196,UISKENTUIE
1106,LY21,196,UISKENTUIE
1107,LY20,196,UISKENTUIE
1108,LY2,119,LYRABUS CROFT
1109,LY19,196,UISKENTUIE
1110,LY18,196,UISKENTUIE
1111,LY17,196,UISKENTUIE
1112,LY16,196,UISKENTUIE
1113,LY15,196,UISKENTUIE
1114,LY14,196,UISKENTUIE
1115,LY13,196,UISKENTUIE
1116,LY12,196,UISKENTUIE
1117,LY11,196,UISKENTUIE
1118,LY10,196,UISKENTUIE
1119,LY1,119,LYRABUS CROFT
1120,LT9,176,KEILLS / LOSSIT
1121,LT8,176,KEILLS / LOSSIT
1122,LT7,176,KEILLS / LOSSIT
1123,LT6,176,KEILLS / LOSSIT
1124,LT5,176,KEILLS / LOSSIT
1125,LT4,176,KEILLS / LOSSIT
1126,LT33,237,KEILLS/LOSSIT (LAG ROUTE)
1127,LT32,237,KEILLS/LOSSIT (LAG ROUTE)
1128,LT31,237,KEILLS/LOSSIT (LAG ROUTE)
1129,LT30,237,KEILLS/LOSSIT (LAG ROUTE)
1130,LT3,176,KEILLS / LOSSIT
1131,LT29,237,KEILLS/LOSSIT (LAG ROUTE)
1132,LT28,237,KEILLS/LOSSIT (LAG ROUTE)
1133,LT27,237,KEILLS/LOSSIT (LAG ROUTE)
1134,LT26,237,KEILLS/LOSSIT (LAG ROUTE)
1135,LT25,237,KEILLS/LOSSIT (LAG ROUTE)
1136,LT24,237,KEILLS/LOSSIT (LAG ROUTE)
1137,LT23,237,KEILLS/LOSSIT (LAG ROUTE)
1138,LT22,237,KEILLS/LOSSIT (LAG ROUTE)
1139,LT21,237,KEILLS/LOSSIT (LAG ROUTE)
1140,LT20,176,KEILLS / LOSSIT
1141,LT2,176,KEILLS / LOSSIT
1142,LT19,176,KEILLS / LOSSIT
1143,LT18,176,KEILLS / LOSSIT
1144,LT17,176,KEILLS / LOSSIT
1145,LT16,176,KEILLS / LOSSIT
1146,LT15,176,KEILLS / LOSSIT
1147,LT14,176,KEILLS / LOSSIT
1148,LT13,176,KEILLS / LOSSIT
1149,LT12,176,KEILLS / LOSSIT
1150,LT11,176,KEILLS / LOSSIT
1151,LT10,176,KEILLS / LOSSIT
1152,LT1,176,KEILLS / LOSSIT
1153,LR9,172,SUPERHOLDING
1154,LR8,124,LEORIN
1155,LR7,124,LEORIN
1156,LR6,124,LEORIN
1157,LR5,124,LEORIN
1158,LR4,124,LEORIN
1159,LR38,124,LEORIN
1160,LR37,124,LEORIN
1161,LR36,8,Balaclava & Cornabus
1162,LR35,8,Balaclava & Cornabus
1163,LR34,8,Balaclava & Cornabus
1164,LR33,246,GLENEGEDALE CROFT
1165,LR32,246,GLENEGEDALE CROFT
1166,LR31,246,GLENEGEDALE CROFT
1167,LR30,124,LEORIN
1168,LR3,124,LEORIN
1169,LR29,124,LEORIN
1170,LR28,124,LEORIN
1171,LR27,8,Balaclava & Cornabus
1172,LR26,8,Balaclava & Cornabus
1173,LR25,8,Balaclava & Cornabus
1174,LR24,8,Balaclava & Cornabus
1175,LR23,124,LEORIN
1176,LR22,124,LEORIN
1177,LR21,124,LEORIN
1178,LR20,124,LEORIN
1179,LR2,124,LEORIN
1180,LR19,124,LEORIN
1181,LR18,124,LEORIN
1182,LR16,124,LEORIN
1183,LR15,8,Balaclava & Cornabus
1184,LR14,124,LEORIN
1185,LR13,124,LEORIN
1186,LR12,124,LEORIN
1187,LR11,124,LEORIN
1188,LR10,124,LEORIN
1189,LR1,30,ARIVOULCHALLUM
1190,LO9,100,LOSSIT
1191,LO8,100,LOSSIT
1192,LO7,100,LOSSIT
1193,LO6,100,LOSSIT
1194,LO52,100,LOSSIT
1195,LO51,100,LOSSIT
1196,LO50,100,LOSSIT
1197,LO5,100,LOSSIT
1198,LO48,100,LOSSIT
1199,LO4,100,LOSSIT
1200,LO3,100,LOSSIT
1201,LO27,100,LOSSIT
1202,LO26,100,LOSSIT
1203,LO24,213,CULTOON FARM
1204,LO23,100,LOSSIT
1205,LO22,100,LOSSIT
1206,LO21,100,LOSSIT
1207,LO20,100,LOSSIT
1208,LO2,100,LOSSIT
1209,LO19,100,LOSSIT
1210,LO18,100,LOSSIT
1211,LO17,100,LOSSIT
1212,LO16,100,LOSSIT
1213,LO14,100,LOSSIT
1214,LO13,100,LOSSIT
1215,LO12,100,LOSSIT
1216,LO11,100,LOSSIT
1217,LO10,100,LOSSIT
1218,LO1,100,LOSSIT
1219,LN9,159,LAGGAN FARM
1220,LN8,160,LAGGAN
1221,LN7,159,LAGGAN FARM
1222,LN6,159,LAGGAN FARM
1223,LN5,159,LAGGAN FARM
1224,LN4,159,LAGGAN FARM
1225,LN34,158,DUICH FARM
1226,LN33,160,LAGGAN
1227,LN32,159,LAGGAN FARM
1228,LN31,160,LAGGAN
1229,LN30,226,SUPERHOLDING
1230,LN3,112,(PART) ISLAND FARM & BOWMORE HOLDINGS
1231,LN29,112,(PART) ISLAND FARM & BOWMORE HOLDINGS
1232,LN28,226,SUPERHOLDING
1233,LN27,159,LAGGAN FARM
1234,LN26,160,LAGGAN
1235,LN25,160,LAGGAN
1236,LN24,160,LAGGAN
1237,LN23,160,LAGGAN
1238,LN22,160,LAGGAN
1239,LN21,159,LAGGAN FARM
1240,LN20,160,LAGGAN
1241,LN2,112,(PART) ISLAND FARM & BOWMORE HOLDINGS
1242,LN19,160,LAGGAN
1243,LN18,159,LAGGAN FARM
1244,LN17,159,LAGGAN FARM
1245,LN16,160,LAGGAN
1246,LN15,159,LAGGAN FARM
1247,LN14,159,LAGGAN FARM
1248,LN13,159,LAGGAN FARM
1249,LN12,160,LAGGAN
1250,LN11,159,LAGGAN FARM
1251,LN10,159,LAGGAN FARM
1252,LN1,112,(PART) ISLAND FARM & BOWMORE HOLDINGS
1253,LK8,56,NO 2 BALLINABY
1254,LK7,56,NO 2 BALLINABY
1255,LK6,56,NO 2 BALLINABY
1256,LK5,56,NO 2 BALLINABY
1257,LK4,56,NO 2 BALLINABY
1258,LK36,56,NO 2 BALLINABY
1259,LK35,56,NO 2 BALLINABY
1260,LK34,56,NO 2 BALLINABY
1261,LK33,56,NO 2 BALLINABY
1262,LK32,56,NO 2 BALLINABY
1263,LK31,179,EAST/WEST KINDROCHAID
1264,LK30,56,NO 2 BALLINABY
1265,LK3,179,EAST/WEST KINDROCHAID
1266,LK29,56,NO 2 BALLINABY
1267,LK28,56,NO 2 BALLINABY
1268,LK27,179,EAST/WEST KINDROCHAID
1269,LK26,179,EAST/WEST KINDROCHAID
1270,LK25,179,EAST/WEST KINDROCHAID
1271,LK24,179,EAST/WEST KINDROCHAID
1272,LK23,179,EAST/WEST KINDROCHAID
1273,LK22,179,EAST/WEST KINDROCHAID
1274,LK21,179,EAST/WEST KINDROCHAID
1275,LK20,179,EAST/WEST KINDROCHAID
1276,LK2,179,EAST/WEST KINDROCHAID
1277,LK19,179,EAST/WEST KINDROCHAID
1278,LK18,179,EAST/WEST KINDROCHAID
1279,LK17,179,EAST/WEST KINDROCHAID
1280,LK16,56,NO 2 BALLINABY
1281,LK15,56,NO 2 BALLINABY
1282,LK14,56,NO 2 BALLINABY
1283,LK13,56,NO 2 BALLINABY
1284,LK12,56,NO 2 BALLINABY
1285,LK11,56,NO 2 BALLINABY
1286,LK1,56,NO 2 BALLINABY
1287,LG9,53,KILBRIDE
1288,LG8,130,ARDBEG & LAGAVULIN FARM
1289,LG7,17,PORTANTRUAN FARM
1290,LG6,17,PORTANTRUAN FARM
1291,LG5,17,PORTANTRUAN FARM
1292,LG4,17,PORTANTRUAN FARM
1293,LG31,17,PORTANTRUAN FARM
1294,LG30,172,SUPERHOLDING
1295,LG3,17,PORTANTRUAN FARM
1296,LG29,17,PORTANTRUAN FARM
1297,LG28,130,ARDBEG & LAGAVULIN FARM
1298,LG27,130,ARDBEG & LAGAVULIN FARM
1299,LG26,126,CALLUMKILL
1300,LG25,126,CALLUMKILL
1301,LG24,130,ARDBEG & LAGAVULIN FARM
1302,LG23,130,ARDBEG & LAGAVULIN FARM
1303,LG22,130,ARDBEG & LAGAVULIN FARM
1304,LG21,130,ARDBEG & LAGAVULIN FARM
1305,LG20,130,ARDBEG & LAGAVULIN FARM
1306,LG2,17,PORTANTRUAN FARM
1307,LG19,130,ARDBEG & LAGAVULIN FARM
1308,LG18,130,ARDBEG & LAGAVULIN FARM
1309,LG17,130,ARDBEG & LAGAVULIN FARM
1310,LG16,126,CALLUMKILL
1311,LG15,126,CALLUMKILL
1312,LG14,130,ARDBEG & LAGAVULIN FARM
1313,LG13,130,ARDBEG & LAGAVULIN FARM
1314,LG12,130,ARDBEG & LAGAVULIN FARM
1315,LG11,130,ARDBEG & LAGAVULIN FARM
1316,LG10,130,ARDBEG & LAGAVULIN FARM
1317,LG1,17,PORTANTRUAN FARM
1318,KW9,175,KENTRAW
1319,KW8,175,KENTRAW
1320,KW7,175,KENTRAW
1321,KW6,175,KENTRAW
1322,KW5,175,KENTRAW
1323,KW4,175,KENTRAW
1324,KW3,175,KENTRAW
1325,KW29,175,KENTRAW
1326,KW28,175,KENTRAW
1327,KW26,175,KENTRAW
1328,KW25,175,KENTRAW
1329,KW24,175,KENTRAW
1330,KW23,175,KENTRAW
1331,KW22,175,KENTRAW
1332,KW21,175,KENTRAW
1333,KW20,175,KENTRAW
1334,KW2,175,KENTRAW
1335,KW19,260,KENTRAW 1
1336,KW18,175,KENTRAW
1337,KW17,175,KENTRAW
1338,KW16,175,KENTRAW
1339,KW15,175,KENTRAW
1340,KW14,175,KENTRAW
1341,KW13,107,CONISBY
1342,KW12,107,CONISBY
1343,KW11,175,KENTRAW
1344,KW10,175,KENTRAW
1345,KW1,175,KENTRAW
1346,KT9,101,KINTRA
1347,KT8,101,KINTRA
1348,KT7,101,KINTRA
1349,KT6,101,KINTRA
1350,KT5,172,SUPERHOLDING
1351,KT44,172,SUPERHOLDING
1352,KT43,99,GLENMACHRIE FARM
1353,KT42,172,SUPERHOLDING
1354,KT41,172,SUPERHOLDING
1355,KT40,99,GLENMACHRIE FARM
1356,KT4,101,KINTRA
1357,KT39,99,GLENMACHRIE FARM
1358,KT38,99,GLENMACHRIE FARM
1359,KT37,99,GLENMACHRIE FARM
1360,KT36,99,GLENMACHRIE FARM
1361,KT35,99,GLENMACHRIE FARM
1362,KT34,99,GLENMACHRIE FARM
1363,KT3,90,GRIANAN
1364,KT28,101,KINTRA
1365,KT27,101,KINTRA
1366,KT26,101,KINTRA
1367,KT25,90,GRIANAN
1368,KT24,172,SUPERHOLDING
1369,KT23,140,GLENEGADALE & MACHRIE
1370,KT22,140,GLENEGADALE & MACHRIE
1371,KT21,140,GLENEGADALE & MACHRIE
1372,KT20,140,GLENEGADALE & MACHRIE
1373,KT2,101,KINTRA
1374,KT19,140,GLENEGADALE & MACHRIE
1375,KT18,140,GLENEGADALE & MACHRIE
1376,KT17,140,GLENEGADALE & MACHRIE
1377,KT16,140,GLENEGADALE & MACHRIE
1378,KT15,140,GLENEGADALE & MACHRIE
1379,KT14,101,KINTRA
1380,KT13,101,KINTRA
1381,KT12,90,GRIANAN
1382,KT11,101,KINTRA
1383,KT10,101,KINTRA
1384,KT1,101,KINTRA
1385,KR9,91,ARDTALLA
1386,KR8,91,ARDTALLA
1387,KR7,91,ARDTALLA
1388,KR6,91,ARDTALLA
1389,KR5,91,ARDTALLA
1390,KR4,91,ARDTALLA
1391,KR38,91,ARDTALLA
1392,KR37,91,ARDTALLA
1393,KR36,91,ARDTALLA
1394,KR35,91,ARDTALLA
1395,KR34,91,ARDTALLA
1396,KR33,91,ARDTALLA
1397,KR32,91,ARDTALLA
1398,KR31,91,ARDTALLA
1399,KR30,91,ARDTALLA
1400,KR3,91,ARDTALLA
1401,KR29,91,ARDTALLA
1402,KR27,91,ARDTALLA
1403,KR26,91,ARDTALLA
1404,KR25,91,ARDTALLA
1405,KR24,91,ARDTALLA
1406,KR23,91,ARDTALLA
1407,KR22,91,ARDTALLA
1408,KR21,91,ARDTALLA
1409,KR20,91,ARDTALLA
1410,KR2,91,ARDTALLA
1411,KR19,91,ARDTALLA
1412,KR18,91,ARDTALLA
1413,KR17,91,ARDTALLA
1414,KR14,91,ARDTALLA
1415,KR13,91,ARDTALLA
1416,KR12,91,ARDTALLA
1417,KR11,91,ARDTALLA
1418,KR10,91,ARDTALLA
1419,KR1,91,ARDTALLA
1420,KP9,189,KEPPOLS FARM
1421,KP8,189,KEPPOLS FARM
1422,KP7,189,KEPPOLS FARM
1423,KP6,189,KEPPOLS FARM
1424,KP5,137,KEPPELSMORE & TERVAGAIN
1425,KP49,221,RHOBALLS CROFT
1426,KP48,202,BALLYGRANT FIELDS
1427,KP47,202,BALLYGRANT FIELDS
1428,KP46,137,KEPPELSMORE & TERVAGAIN
1429,KP45,137,KEPPELSMORE & TERVAGAIN
1430,KP44,137,KEPPELSMORE & TERVAGAIN
1431,KP43,137,KEPPELSMORE & TERVAGAIN
1432,KP42,189,KEPPOLS FARM
1433,KP41,189,KEPPOLS FARM
1434,KP40,189,KEPPOLS FARM
1435,KP4,137,KEPPELSMORE & TERVAGAIN
1436,KP39,189,KEPPOLS FARM
1437,KP38,189,KEPPOLS FARM
1438,KP37,189,KEPPOLS FARM
1439,KP36,189,KEPPOLS FARM
1440,KP35,189,KEPPOLS FARM
1441,KP34,189,KEPPOLS FARM
1442,KP33,189,KEPPOLS FARM
1443,KP32,137,KEPPELSMORE & TERVAGAIN
1444,KP31,189,KEPPOLS FARM
1445,KP30,202,BALLYGRANT FIELDS
1446,KP3,137,KEPPELSMORE & TERVAGAIN
1447,KP29,202,BALLYGRANT FIELDS
1448,KP28,202,BALLYGRANT FIELDS
1449,KP27,221,RHOBALLS CROFT
1450,KP26,202,BALLYGRANT FIELDS
1451,KP25,228,SUPERHOLDING
1452,KP24,189,KEPPOLS FARM
1453,KP23,189,KEPPOLS FARM
1454,KP22,228,SUPERHOLDING
1455,KP21,189,KEPPOLS FARM
1456,KP20,189,KEPPOLS FARM
1457,KP2,137,KEPPELSMORE & TERVAGAIN
1458,KP19,189,KEPPOLS FARM
1459,KP18,137,KEPPELSMORE & TERVAGAIN
1460,KP17,189,KEPPOLS FARM
1461,KP16,189,KEPPOLS FARM
1462,KP15,189,KEPPOLS FARM
1463,KP14,189,KEPPOLS FARM
1464,KP13,137,KEPPELSMORE & TERVAGAIN
1465,KP12,137,KEPPELSMORE & TERVAGAIN
1466,KP11,137,KEPPELSMORE & TERVAGAIN
1467,KP10,189,KEPPOLS FARM
1468,KP1,137,KEPPELSMORE & TERVAGAIN
1469,KO42,31,KNOCKLEARACH FARM
1470,KO41,224,WOODEND
1471,KO38,224,WOODEND
1472,KO37,224,WOODEND
1473,KO36,31,KNOCKLEARACH FARM
1474,KO35,31,KNOCKLEARACH FARM
1475,KO34,31,KNOCKLEARACH FARM
1476,KO33,31,KNOCKLEARACH FARM
1477,KO32,31,KNOCKLEARACH FARM
1478,KO31,31,KNOCKLEARACH FARM
1479,KO30,31,KNOCKLEARACH FARM
1480,KO29,31,KNOCKLEARACH FARM
1481,KO28,31,KNOCKLEARACH FARM
1482,KO27,31,KNOCKLEARACH FARM
1483,KO26,10,KILMENY FARM
1484,KO25,31,KNOCKLEARACH FARM
1485,KN9,185,"ARDNAVE, KILNAVE & GARREALLABUS"
1486,KN8,185,"ARDNAVE, KILNAVE & GARREALLABUS"
1487,KN7,185,"ARDNAVE, KILNAVE & GARREALLABUS"
1488,KN6,185,"ARDNAVE, KILNAVE & GARREALLABUS"
1489,KN5,185,"ARDNAVE, KILNAVE & GARREALLABUS"
1490,KN4,185,"ARDNAVE, KILNAVE & GARREALLABUS"
1491,KN3,185,"ARDNAVE, KILNAVE & GARREALLABUS"
1492,KN24,185,"ARDNAVE, KILNAVE & GARREALLABUS"
1493,KN23,185,"ARDNAVE, KILNAVE & GARREALLABUS"
1494,KN20,185,"ARDNAVE, KILNAVE & GARREALLABUS"
1495,KN2,185,"ARDNAVE, KILNAVE & GARREALLABUS"
1496,KN19,185,"ARDNAVE, KILNAVE & GARREALLABUS"
1497,KN18,185,"ARDNAVE, KILNAVE & GARREALLABUS"
1498,KN17,185,"ARDNAVE, KILNAVE & GARREALLABUS"
1499,KN16,185,"ARDNAVE, KILNAVE & GARREALLABUS"
1500,KN15,185,"ARDNAVE, KILNAVE & GARREALLABUS"
1501,KN14,185,"ARDNAVE, KILNAVE & GARREALLABUS"
1502,KN13,185,"ARDNAVE, KILNAVE & GARREALLABUS"
1503,KN12,185,"ARDNAVE, KILNAVE & GARREALLABUS"
1504,KN11,185,"ARDNAVE, KILNAVE & GARREALLABUS"
1505,KN10,185,"ARDNAVE, KILNAVE & GARREALLABUS"
1506,KN1,185,"ARDNAVE, KILNAVE & GARREALLABUS"
1507,KM9,10,KILMENY FARM
1508,KM8,10,KILMENY FARM
1509,KM7,137,KEPPELSMORE & TERVAGAIN
1510,KM6,137,KEPPELSMORE & TERVAGAIN
1511,KM5,10,KILMENY FARM
1512,KM45,137,KEPPELSMORE & TERVAGAIN
1513,KM44,137,KEPPELSMORE & TERVAGAIN
1514,KM43,10,KILMENY FARM
1515,KM40,23,WOODEND
1516,KM4,10,KILMENY FARM
1517,KM39,10,KILMENY FARM
1518,KM3,10,KILMENY FARM
1519,KM24,10,KILMENY FARM
1520,KM22,10,KILMENY FARM
1521,KM21,10,KILMENY FARM
1522,KM20,10,KILMENY FARM
1523,KM2,137,KEPPELSMORE & TERVAGAIN
1524,KM19,23,WOODEND
1525,KM18,23,WOODEND
1526,KM17,10,KILMENY FARM
1527,KM16,10,KILMENY FARM
1528,KM15,10,KILMENY FARM
1529,KM14,10,KILMENY FARM
1530,KM13,10,KILMENY FARM
1531,KM12,137,KEPPELSMORE & TERVAGAIN
1532,KM11,10,KILMENY FARM
1533,KM10,137,KEPPELSMORE & TERVAGAIN
1534,KM1,137,KEPPELSMORE & TERVAGAIN
1535,KL9,176,KEILLS / LOSSIT
1536,KL8,176,KEILLS / LOSSIT
1537,KL7,176,KEILLS / LOSSIT
1538,KL6,176,KEILLS / LOSSIT
1539,KL5,176,KEILLS / LOSSIT
1540,KL4,176,KEILLS / LOSSIT
1541,KL36,228,SUPERHOLDING
1542,KL35,176,KEILLS / LOSSIT
1543,KL34,176,KEILLS / LOSSIT
1544,KL33,176,KEILLS / LOSSIT
1545,KL32,176,KEILLS / LOSSIT
1546,KL31,176,KEILLS / LOSSIT
1547,KL30,176,KEILLS / LOSSIT
1548,KL3,176,KEILLS / LOSSIT
1549,KL29,23,WOODEND
1550,KL28,176,KEILLS / LOSSIT
1551,KL27,176,KEILLS / LOSSIT
1552,KL26,176,KEILLS / LOSSIT
1553,KL25,176,KEILLS / LOSSIT
1554,KL24,176,KEILLS / LOSSIT
1555,KL23,176,KEILLS / LOSSIT
1556,KL22,176,KEILLS / LOSSIT
1557,KL21,176,KEILLS / LOSSIT
1558,KL20,176,KEILLS / LOSSIT
1559,KL2,176,KEILLS / LOSSIT
1560,KL19,176,KEILLS / LOSSIT
1561,KL18,176,KEILLS / LOSSIT
1562,KL17,176,KEILLS / LOSSIT
1563,KL16,23,WOODEND
1564,KL15,23,WOODEND
1565,KL14,176,KEILLS / LOSSIT
1566,KL13,176,KEILLS / LOSSIT
1567,KL12,176,KEILLS / LOSSIT
1568,KL11,176,KEILLS / LOSSIT
1569,KL10,176,KEILLS / LOSSIT
1570,KL1,176,KEILLS / LOSSIT
1571,KI9,45,KILCHIARAN FARM
1572,KI8,45,KILCHIARAN FARM
1573,KI7,45,KILCHIARAN FARM
1574,KI6,45,KILCHIARAN FARM
1575,KI5,45,KILCHIARAN FARM
1576,KI45,43,CARN
1577,KI44,43,CARN
1578,KI42,45,KILCHIARAN FARM
1579,KI40,43,CARN
1580,KI4,45,KILCHIARAN FARM
1581,KI39,43,CARN
1582,KI38,43,CARN
1583,KI37,43,CARN
1584,KI35,43,CARN
1585,KI34,43,CARN
1586,KI33,43,CARN
1587,KI32,43,CARN
1588,KI31,43,CARN
1589,KI3,45,KILCHIARAN FARM
1590,KI29,43,CARN
1591,KI28,43,CARN
1592,KI27,43,CARN
1593,KI26,43,CARN
1594,KI25,45,KILCHIARAN FARM
1595,KI24,43,CARN
1596,KI23,43,CARN
1597,KI22,43,CARN
1598,KI21,45,KILCHIARAN FARM
1599,KI20,43,CARN
1600,KI2,45,KILCHIARAN FARM
1601,KI19,45,KILCHIARAN FARM
1602,KI18,45,KILCHIARAN FARM
1603,KI17,45,KILCHIARAN FARM
1604,KI16,45,KILCHIARAN FARM
1605,KI15,45,KILCHIARAN FARM
1606,KI14,45,KILCHIARAN FARM
1607,KI13,45,KILCHIARAN FARM
1608,KI12,43,CARN
1609,KI11,45,KILCHIARAN FARM
1610,KI10,45,KILCHIARAN FARM
1611,KI1,45,KILCHIARAN FARM
1612,KG9,59,"AVONVOGIE, CEANNACROIC & KYNGARRY"
1613,KG8,59,"AVONVOGIE, CEANNACROIC & KYNGARRY"
1614,KG7,115,BARR FARM
1615,KG6,115,BARR FARM
1616,KG5,115,BARR FARM
1617,KG4,115,BARR FARM
1618,KG38,59,"AVONVOGIE, CEANNACROIC & KYNGARRY"
1619,KG37,59,"AVONVOGIE, CEANNACROIC & KYNGARRY"
1620,KG36,59,"AVONVOGIE, CEANNACROIC & KYNGARRY"
1621,KG35,59,"AVONVOGIE, CEANNACROIC & KYNGARRY"
1622,KG34,59,"AVONVOGIE, CEANNACROIC & KYNGARRY"
1623,KG33,59,"AVONVOGIE, CEANNACROIC & KYNGARRY"
1624,KG32,59,"AVONVOGIE, CEANNACROIC & KYNGARRY"
1625,KG31,59,"AVONVOGIE, CEANNACROIC & KYNGARRY"
1626,KG30,59,"AVONVOGIE, CEANNACROIC & KYNGARRY"
1627,KG3,115,BARR FARM
1628,KG29,59,"AVONVOGIE, CEANNACROIC & KYNGARRY"
1629,KG28,59,"AVONVOGIE, CEANNACROIC & KYNGARRY"
1630,KG27,59,"AVONVOGIE, CEANNACROIC & KYNGARRY"
1631,KG26,59,"AVONVOGIE, CEANNACROIC & KYNGARRY"
1632,KG25,59,"AVONVOGIE, CEANNACROIC & KYNGARRY"
1633,KG24,59,"AVONVOGIE, CEANNACROIC & KYNGARRY"
1634,KG23,59,"AVONVOGIE, CEANNACROIC & KYNGARRY"
1635,KG22,59,"AVONVOGIE, CEANNACROIC & KYNGARRY"
1636,KG21,59,"AVONVOGIE, CEANNACROIC & KYNGARRY"
1637,KG20,59,"AVONVOGIE, CEANNACROIC & KYNGARRY"
1638,KG2,115,BARR FARM
1639,KG19,59,"AVONVOGIE, CEANNACROIC & KYNGARRY"
1640,KG18,59,"AVONVOGIE, CEANNACROIC & KYNGARRY"
1641,KG17,59,"AVONVOGIE, CEANNACROIC & KYNGARRY"
1642,KG16,59,"AVONVOGIE, CEANNACROIC & KYNGARRY"
1643,KG15,59,"AVONVOGIE, CEANNACROIC & KYNGARRY"
1644,KG14,59,"AVONVOGIE, CEANNACROIC & KYNGARRY"
1645,KG13,59,"AVONVOGIE, CEANNACROIC & KYNGARRY"
1646,KG12,59,"AVONVOGIE, CEANNACROIC & KYNGARRY"
1647,KG11,59,"AVONVOGIE, CEANNACROIC & KYNGARRY"
1648,KG10,59,"AVONVOGIE, CEANNACROIC & KYNGARRY"
1649,KG1,115,BARR FARM
1650,KE9,230,SUPERHOLDING
1651,KE8,230,SUPERHOLDING
1652,KE5,230,SUPERHOLDING
1653,KE4,230,SUPERHOLDING
1654,KE3,230,SUPERHOLDING
1655,KE27,213,CULTOON FARM
1656,KE26,213,CULTOON FARM
1657,KE25,213,CULTOON FARM
1658,KE24,213,CULTOON FARM
1659,KE23,213,CULTOON FARM
1660,KE22,213,CULTOON FARM
1661,KE21,213,CULTOON FARM
1662,KE20,213,CULTOON FARM
1663,KE2,100,LOSSIT
1664,KE13,230,SUPERHOLDING
1665,KE12,230,SUPERHOLDING
1666,KE11,230,SUPERHOLDING
1667,KE10,230,SUPERHOLDING
1668,KE1,100,LOSSIT
1669,KD9,197,CARRABUS & KNOCKDON
1670,KD8,197,CARRABUS & KNOCKDON
1671,KD7,197,CARRABUS & KNOCKDON
1672,KD6,197,CARRABUS & KNOCKDON
1673,KD5,197,CARRABUS & KNOCKDON
1674,KD4,197,CARRABUS & KNOCKDON
1675,KD3,197,CARRABUS & KNOCKDON
1676,KD25,197,CARRABUS & KNOCKDON
1677,KD24,197,CARRABUS & KNOCKDON
1678,KD23,197,CARRABUS & KNOCKDON
1679,KD22,197,CARRABUS & KNOCKDON
1680,KD21,197,CARRABUS & KNOCKDON
1681,KD20,197,CARRABUS & KNOCKDON
1682,KD2,197,CARRABUS & KNOCKDON
1683,KD19,197,CARRABUS & KNOCKDON
1684,KD18,197,CARRABUS & KNOCKDON
1685,KD17,197,CARRABUS & KNOCKDON
1686,KD16,197,CARRABUS & KNOCKDON
1687,KD15,197,CARRABUS & KNOCKDON
1688,KD14,197,CARRABUS & KNOCKDON
1689,KD13,197,CARRABUS & KNOCKDON
1690,KD12,197,CARRABUS & KNOCKDON
1691,KD11,197,CARRABUS & KNOCKDON
1692,KD10,197,CARRABUS & KNOCKDON
1693,KD1,197,CARRABUS & KNOCKDON
1694,KB9,76,KINNABUS
1695,KB8,76,KINNABUS
1696,KB7,76,KINNABUS
1697,KB6,76,KINNABUS
1698,KB5,76,KINNABUS
1699,KB4,76,KINNABUS
1700,KB31,34,UPPER KILLEYAN
1701,KB30,76,KINNABUS
1702,KB3,76,KINNABUS
1703,KB25,76,KINNABUS
1704,KB24,76,KINNABUS
1705,KB23,76,KINNABUS
1706,KB22,76,KINNABUS
1707,KB21,76,KINNABUS
1708,KB20,39,UPPER KILLEYAN
1709,KB2,76,KINNABUS
1710,KB19,76,KINNABUS
1711,KB18,76,KINNABUS
1712,KB17,76,KINNABUS
1713,KB16,76,KINNABUS
1714,KB15,76,KINNABUS
1715,KB14,76,KINNABUS
1716,KB13,76,KINNABUS
1717,KB12,76,KINNABUS
1718,KB11,76,KINNABUS
1719,KB10,76,KINNABUS
1720,KB1,76,KINNABUS
1721,KA9,183,CRAIGENS & CORSAPOL
1722,KA8,183,CRAIGENS & CORSAPOL
1723,KA7,183,CRAIGENS & CORSAPOL
1724,KA6,183,CRAIGENS & CORSAPOL
1725,KA5,183,CRAIGENS & CORSAPOL
1726,KA4,183,CRAIGENS & CORSAPOL
1727,KA3,183,CRAIGENS & CORSAPOL
1728,KA26,183,CRAIGENS & CORSAPOL
1729,KA25,183,CRAIGENS & CORSAPOL
1730,KA24,183,CRAIGENS & CORSAPOL
1731,KA23,183,CRAIGENS & CORSAPOL
1732,KA22,183,CRAIGENS & CORSAPOL
1733,KA21,183,CRAIGENS & CORSAPOL
1734,KA20,183,CRAIGENS & CORSAPOL
1735,KA2,183,CRAIGENS & CORSAPOL
1736,KA19,183,CRAIGENS & CORSAPOL
1737,KA18,183,CRAIGENS & CORSAPOL
1738,KA13,183,CRAIGENS & CORSAPOL
1739,KA12,183,CRAIGENS & CORSAPOL
1740,KA11,183,CRAIGENS & CORSAPOL
1741,KA10,183,CRAIGENS & CORSAPOL
1742,KA1,183,CRAIGENS & CORSAPOL
1743,JU1,228,SUPERHOLDING
1744,IV9,120,BALLYCHATRIGAN
1745,IV8,120,BALLYCHATRIGAN
1746,IV7,120,BALLYCHATRIGAN
1747,IV6,120,BALLYCHATRIGAN
1748,IV5,120,BALLYCHATRIGAN
1749,IV4,120,BALLYCHATRIGAN
1750,IV3,120,BALLYCHATRIGAN
1751,IV2,120,BALLYCHATRIGAN
1752,IV11,120,BALLYCHATRIGAN
1753,IV10,120,BALLYCHATRIGAN
1754,IV1,92,UPPER COILLABUS
1755,IH9,112,(PART) ISLAND FARM & BOWMORE HOLDINGS
1756,IH8,112,(PART) ISLAND FARM & BOWMORE HOLDINGS
1757,IH7,226,SUPERHOLDING
1758,IH6,226,SUPERHOLDING
1759,IH5,112,(PART) ISLAND FARM & BOWMORE HOLDINGS
1760,IH4,112,(PART) ISLAND FARM & BOWMORE HOLDINGS
1761,IH3,112,(PART) ISLAND FARM & BOWMORE HOLDINGS
1762,IH24,112,(PART) ISLAND FARM & BOWMORE HOLDINGS
1763,IH22,226,SUPERHOLDING
1764,IH20,112,(PART) ISLAND FARM & BOWMORE HOLDINGS
1765,IH2,112,(PART) ISLAND FARM & BOWMORE HOLDINGS
1766,IH19,159,LAGGAN FARM
1767,IH18,160,LAGGAN
1768,IH17,112,(PART) ISLAND FARM & BOWMORE HOLDINGS
1769,IH16,112,(PART) ISLAND FARM & BOWMORE HOLDINGS
1770,IH15,160,LAGGAN
1771,IH14,112,(PART) ISLAND FARM & BOWMORE HOLDINGS
1772,IH12,112,(PART) ISLAND FARM & BOWMORE HOLDINGS
1773,IH11,112,(PART) ISLAND FARM & BOWMORE HOLDINGS
1774,IH10,160,LAGGAN
1775,IH1,112,(PART) ISLAND FARM & BOWMORE HOLDINGS
1776,GO8,183,CRAIGENS & CORSAPOL
1777,GO7,183,CRAIGENS & CORSAPOL
1778,GO4,183,CRAIGENS & CORSAPOL
1779,GO3,183,CRAIGENS & CORSAPOL
1780,GO12,183,CRAIGENS & CORSAPOL
1781,GO1,183,CRAIGENS & CORSAPOL
1782,GM9,188,GARTMAIN
1783,GM8,188,GARTMAIN
1784,GM7,188,GARTMAIN
1785,GM6,188,GARTMAIN
1786,GM52,226,SUPERHOLDING
1787,GM51,226,SUPERHOLDING
1788,GM50,226,SUPERHOLDING
1789,GM5,188,GARTMAIN
1790,GM49,226,SUPERHOLDING
1791,GM48,58,PENNYCRAIG
1792,GM47,226,SUPERHOLDING
1793,GM46,111,"CORRARY, (PART) GARTNATRA & (PART) ISLAND FARM"
1794,GM45,188,GARTMAIN
1795,GM44,188,GARTMAIN
1796,GM43,188,GARTMAIN
1797,GM42,188,GARTMAIN
1798,GM41,188,GARTMAIN
1799,GM40,188,GARTMAIN
1800,GM4,188,GARTMAIN
1801,GM39,188,GARTMAIN
1802,GM38,188,GARTMAIN
1803,GM37,188,GARTMAIN
1804,GM36,188,GARTMAIN
1805,GM35,188,GARTMAIN
1806,GM34,188,GARTMAIN
1807,GM33,111,"CORRARY, (PART) GARTNATRA & (PART) ISLAND FARM"
1808,GM32,111,"CORRARY, (PART) GARTNATRA & (PART) ISLAND FARM"
1809,GM31,111,"CORRARY, (PART) GARTNATRA & (PART) ISLAND FARM"
1810,GM30,111,"CORRARY, (PART) GARTNATRA & (PART) ISLAND FARM"
1811,GM3,188,GARTMAIN
1812,GM29,111,"CORRARY, (PART) GARTNATRA & (PART) ISLAND FARM"
1813,GM28,111,"CORRARY, (PART) GARTNATRA & (PART) ISLAND FARM"
1814,GM27,111,"CORRARY, (PART) GARTNATRA & (PART) ISLAND FARM"
1815,GM26,111,"CORRARY, (PART) GARTNATRA & (PART) ISLAND FARM"
1816,GM25,111,"CORRARY, (PART) GARTNATRA & (PART) ISLAND FARM"
1817,GM24,111,"CORRARY, (PART) GARTNATRA & (PART) ISLAND FARM"
1818,GM23,111,"CORRARY, (PART) GARTNATRA & (PART) ISLAND FARM"
1819,GM22,111,"CORRARY, (PART) GARTNATRA & (PART) ISLAND FARM"
1820,GM21,111,"CORRARY, (PART) GARTNATRA & (PART) ISLAND FARM"
1821,GM20,111,"CORRARY, (PART) GARTNATRA & (PART) ISLAND FARM"
1822,GM2,188,GARTMAIN
1823,GM19,188,GARTMAIN
1824,GM18,123,TALLANT
1825,GM17,123,TALLANT
1826,GM16,123,TALLANT
1827,GM15,123,TALLANT
1828,GM14,188,GARTMAIN
1829,GM12,188,GARTMAIN
1830,GM11,123,TALLANT
1831,GM10,188,GARTMAIN
1832,GM1,188,GARTMAIN
1833,GL9,76,KINNABUS
1834,GL8,76,KINNABUS
1835,GL7,76,KINNABUS
1836,GL6,76,KINNABUS
1837,GL5,76,KINNABUS
1838,GL4,76,KINNABUS
1839,GL31,76,KINNABUS
1840,GL3,76,KINNABUS
1841,GL27,76,KINNABUS
1842,GL26,76,KINNABUS
1843,GL25,76,KINNABUS
1844,GL24,76,KINNABUS
1845,GL23,76,KINNABUS
1846,GL22,76,KINNABUS
1847,GL21,76,KINNABUS
1848,GL20,76,KINNABUS
1849,GL2,76,KINNABUS
1850,GL19,76,KINNABUS
1851,GL18,76,KINNABUS
1852,GL17,76,KINNABUS
1853,GL16,76,KINNABUS
1854,GL15,76,KINNABUS
1855,GL14,76,KINNABUS
1856,GL13,76,KINNABUS
1857,GL12,76,KINNABUS
1858,GL11,76,KINNABUS
1859,GL10,76,KINNABUS
1860,GL1,76,KINNABUS
1861,GG9,57,COILLE & CULBUIE
1862,GG8,141,GRULINBEG
1863,GG7,141,GRULINBEG
1864,GG67,136,GRULINMORE
1865,GG66,136,GRULINMORE
1866,GG64,57,COILLE & CULBUIE
1867,GG63,57,COILLE & CULBUIE
1868,GG62,57,COILLE & CULBUIE
1869,GG61,57,COILLE & CULBUIE
1870,GG60,57,COILLE & CULBUIE
1871,GG6,57,COILLE & CULBUIE
1872,GG59,141,GRULINBEG
1873,GG58,57,COILLE & CULBUIE
1874,GG57,57,COILLE & CULBUIE
1875,GG56,57,COILLE & CULBUIE
1876,GG55,136,GRULINMORE
1877,GG54,136,GRULINMORE
1878,GG53,57,COILLE & CULBUIE
1879,GG52,57,COILLE & CULBUIE
1880,GG51,141,GRULINBEG
1881,GG50,57,COILLE & CULBUIE
1882,GG5,57,COILLE & CULBUIE
1883,GG49,57,COILLE & CULBUIE
1884,GG48,57,COILLE & CULBUIE
1885,GG47,57,COILLE & CULBUIE
1886,GG46,57,COILLE & CULBUIE
1887,GG45,141,GRULINBEG
1888,GG44,57,COILLE & CULBUIE
1889,GG43,57,COILLE & CULBUIE
1890,GG42,57,COILLE & CULBUIE
1891,GG41,57,COILLE & CULBUIE
1892,GG40,57,COILLE & CULBUIE
1893,GG4,57,COILLE & CULBUIE
1894,GG39,136,GRULINMORE
1895,GG38,57,COILLE & CULBUIE
1896,GG36,57,COILLE & CULBUIE
1897,GG35,57,COILLE & CULBUIE
1898,GG34,57,COILLE & CULBUIE
1899,GG33,57,COILLE & CULBUIE
1900,GG32,57,COILLE & CULBUIE
1901,GG3,141,GRULINBEG
1902,GG26,136,GRULINMORE
1903,GG25,57,COILLE & CULBUIE
1904,GG24,57,COILLE & CULBUIE
1905,GG23,57,COILLE & CULBUIE
1906,GG22,57,COILLE & CULBUIE
1907,GG21,57,COILLE & CULBUIE
1908,GG20,57,COILLE & CULBUIE
1909,GG2,57,COILLE & CULBUIE
1910,GG19,57,COILLE & CULBUIE
1911,GG18,57,COILLE & CULBUIE
1912,GG17,57,COILLE & CULBUIE
1913,GG16,57,COILLE & CULBUIE
1914,GG15,57,COILLE & CULBUIE
1915,GG13,57,COILLE & CULBUIE
1916,GG12,57,COILLE & CULBUIE
1917,GG11,57,COILLE & CULBUIE
1918,GG10,57,COILLE & CULBUIE
1919,GG1,57,COILLE & CULBUIE
1920,GE9,216,GEARACH FARM
1921,GE8,216,GEARACH FARM
1922,GE7,67,PORT CHARLOTTE LOTTS
1923,GE6,216,GEARACH FARM
1924,GE5,216,GEARACH FARM
1925,GE4,216,GEARACH FARM
1926,GE3,216,GEARACH FARM
1927,GE28,216,GEARACH FARM
1928,GE27,216,GEARACH FARM
1929,GE26,216,GEARACH FARM
1930,GE25,216,GEARACH FARM
1931,GE24,230,SUPERHOLDING
1932,GE23,230,SUPERHOLDING
1933,GE22,216,GEARACH FARM
1934,GE21,216,GEARACH FARM
1935,GE2,216,GEARACH FARM
1936,GE19,216,GEARACH FARM
1937,GE18,230,SUPERHOLDING
1938,GE16,216,GEARACH FARM
1939,GE15,216,GEARACH FARM
1940,GE14,43,CARN
1941,GE13,216,GEARACH FARM
1942,GE12,216,GEARACH FARM
1943,GE11,216,GEARACH FARM
1944,GE10,216,GEARACH FARM
1945,GE1,216,GEARACH FARM
1946,GD8,29,GLEN MACHRIE LOTTS
1947,GD7,29,GLEN MACHRIE LOTTS
1948,GD60,172,SUPERHOLDING
1949,GD6,29,GLEN MACHRIE LOTTS
1950,GD59,172,SUPERHOLDING
1951,GD58,99,GLENMACHRIE FARM
1952,GD57,218,GLENMACHRIE CROFT
1953,GD56,172,SUPERHOLDING
1954,GD55,218,GLENMACHRIE CROFT
1955,GD54,172,SUPERHOLDING
1956,GD53,99,GLENMACHRIE FARM
1957,GD52,99,GLENMACHRIE FARM
1958,GD51,30,ARIVOULCHALLUM
1959,GD50,30,ARIVOULCHALLUM
1960,GD5,29,GLEN MACHRIE LOTTS
1961,GD49,246,GLENEGEDALE CROFT
1962,GD48,178,GLEN MACHRIE LOTTS
1963,GD47,140,GLENEGADALE & MACHRIE
1964,GD46,178,GLEN MACHRIE LOTTS
1965,GD45,178,GLEN MACHRIE LOTTS
1966,GD44,178,GLEN MACHRIE LOTTS
1967,GD43,178,GLEN MACHRIE LOTTS
1968,GD42,178,GLEN MACHRIE LOTTS
1969,GD41,204,GLEN MACHRIE LOTTS
1970,GD40,140,GLENEGADALE & MACHRIE
1971,GD4,29,GLEN MACHRIE LOTTS
1972,GD39,140,GLENEGADALE & MACHRIE
1973,GD38,140,GLENEGADALE & MACHRIE
1974,GD36,140,GLENEGADALE & MACHRIE
1975,GD35,172,SUPERHOLDING
1976,GD34,172,SUPERHOLDING
1977,GD33,172,SUPERHOLDING
1978,GD32,172,SUPERHOLDING
1979,GD31,172,SUPERHOLDING
1980,GD30,172,SUPERHOLDING
1981,GD3,29,GLEN MACHRIE LOTTS
1982,GD23,172,SUPERHOLDING
1983,GD21,30,ARIVOULCHALLUM
1984,GD20,30,ARIVOULCHALLUM
1985,GD2,204,GLEN MACHRIE LOTTS
1986,GD19,30,ARIVOULCHALLUM
1987,GD18,30,ARIVOULCHALLUM
1988,GD17,30,ARIVOULCHALLUM
1989,GD16,172,SUPERHOLDING
1990,GD15,172,SUPERHOLDING
1991,GD14,174,SCHOOL HOUSE GRAZING
1992,GD13,174,SCHOOL HOUSE GRAZING
1993,GD12,174,SCHOOL HOUSE GRAZING
1994,GD11,140,GLENEGADALE & MACHRIE
1995,GD10,140,GLENEGADALE & MACHRIE
1996,GD1,204,GLEN MACHRIE LOTTS
1997,GC9,20,MULINDRY & AVONLUSSA
1998,GC8,20,MULINDRY & AVONLUSSA
1999,GC7,20,MULINDRY & AVONLUSSA
2000,GC6,20,MULINDRY & AVONLUSSA
2001,GC56,125,BALLYTARSIN
2002,GC55,20,MULINDRY & AVONLUSSA
2003,GC54,20,MULINDRY & AVONLUSSA
2004,GC53,84,STARCHMILL
2005,GC52,21,GARTLOIST FARM
2006,GC51,84,STARCHMILL
2007,GC50,20,MULINDRY & AVONLUSSA
2008,GC5,20,MULINDRY & AVONLUSSA
2009,GC49,125,BALLYTARSIN
2010,GC48,125,BALLYTARSIN
2011,GC47,84,STARCHMILL
2012,GC46,84,STARCHMILL
2013,GC45,84,STARCHMILL
2014,GC44,84,STARCHMILL
2015,GC43,84,STARCHMILL
2016,GC42,84,STARCHMILL
2017,GC41,84,STARCHMILL
2018,GC40,84,STARCHMILL
2019,GC4,20,MULINDRY & AVONLUSSA
2020,GC39,84,STARCHMILL
2021,GC38,84,STARCHMILL
2022,GC37,84,STARCHMILL
2023,GC36,84,STARCHMILL
2024,GC35,84,STARCHMILL
2025,GC34,84,STARCHMILL
2026,GC33,84,STARCHMILL
2027,GC32,84,STARCHMILL
2028,GC31,84,STARCHMILL
2029,GC30,84,STARCHMILL
2030,GC3,21,GARTLOIST FARM
2031,GC29,21,GARTLOIST FARM
2032,GC28,21,GARTLOIST FARM
2033,GC27,21,GARTLOIST FARM
2034,GC26,21,GARTLOIST FARM
2035,GC24,21,GARTLOIST FARM
2036,GC23,21,GARTLOIST FARM
2037,GC22,21,GARTLOIST FARM
2038,GC21,21,GARTLOIST FARM
2039,GC20,21,GARTLOIST FARM
2040,GC2,21,GARTLOIST FARM
2041,GC19,21,GARTLOIST FARM
2042,GC18,21,GARTLOIST FARM
2043,GC17,21,GARTLOIST FARM
2044,GC16,21,GARTLOIST FARM
2045,GC15,21,GARTLOIST FARM
2046,GC14,21,GARTLOIST FARM
2047,GC13,20,MULINDRY & AVONLUSSA
2048,GC12,20,MULINDRY & AVONLUSSA
2049,GC11,20,MULINDRY & AVONLUSSA
2050,GC10,20,MULINDRY & AVONLUSSA
2051,GC1,21,GARTLOIST FARM
2052,GA9,76,KINNABUS
2053,GA8,76,KINNABUS
2054,GA7,76,KINNABUS
2055,GA6,76,KINNABUS
2056,GA5,76,KINNABUS
2057,GA4,76,KINNABUS
2058,GA3,76,KINNABUS
2059,GA21,76,KINNABUS
2060,GA20,76,KINNABUS
2061,GA2,76,KINNABUS
2062,GA19,76,KINNABUS
2063,GA18,76,KINNABUS
2064,GA17,76,KINNABUS
2065,GA16,76,KINNABUS
2066,GA15,76,KINNABUS
2067,GA14,76,KINNABUS
2068,GA13,76,KINNABUS
2069,GA12,76,KINNABUS
2070,GA11,76,KINNABUS
2071,GA10,76,KINNABUS
2072,GA1,76,KINNABUS
2073,FO9,212,NO.1 FORELAND CROFT
2074,FO8,212,NO.1 FORELAND CROFT
2075,FO7,198,FORELAND & WOODSIDE
2076,FO6,198,FORELAND & WOODSIDE
2077,FO53,198,FORELAND & WOODSIDE
2078,FO52,198,FORELAND & WOODSIDE
2079,FO51,198,FORELAND & WOODSIDE
2080,FO5,198,FORELAND & WOODSIDE
2081,FO44,198,FORELAND & WOODSIDE
2082,FO40,208,FORELAND NO 2
2083,FO4,198,FORELAND & WOODSIDE
2084,FO39,241,foreland fields
2085,FO38,212,NO.1 FORELAND CROFT
2086,FO37,241,foreland fields
2087,FO36,196,UISKENTUIE
2088,FO35,241,foreland fields
2089,FO34,241,foreland fields
2090,FO33,241,foreland fields
2091,FO32,196,UISKENTUIE
2092,FO31,196,UISKENTUIE
2093,FO30,206,FORELAND FIELDS
2094,FO3,198,FORELAND & WOODSIDE
2095,FO29,198,FORELAND & WOODSIDE
2096,FO28,198,FORELAND & WOODSIDE
2097,FO27,198,FORELAND & WOODSIDE
2098,FO26,198,FORELAND & WOODSIDE
2099,FO25,208,FORELAND NO 2
2100,FO24,198,FORELAND & WOODSIDE
2101,FO23,198,FORELAND & WOODSIDE
2102,FO22,208,FORELAND NO 2
2103,FO21,208,FORELAND NO 2
2104,FO20,208,FORELAND NO 2
2105,FO2,198,FORELAND & WOODSIDE
2106,FO19,198,FORELAND & WOODSIDE
2107,FO18,229,SUPERHOLDING
2108,FO17,198,FORELAND & WOODSIDE
2109,FO16,198,FORELAND & WOODSIDE
2110,FO15,198,FORELAND & WOODSIDE
2111,FO14,198,FORELAND & WOODSIDE
2112,FO13,198,FORELAND & WOODSIDE
2113,FO12,198,FORELAND & WOODSIDE
2114,FO11,198,FORELAND & WOODSIDE
2115,FO10,212,NO.1 FORELAND CROFT
2116,FO1,198,FORELAND & WOODSIDE
2117,FL9,26,BALULIVE FARM
2118,FL7,32,FINLAGGAN
2119,FL6,32,FINLAGGAN
2120,FL5,32,FINLAGGAN
2121,FL4,32,FINLAGGAN
2122,FL39,189,KEPPOLS FARM
2123,FL38,189,KEPPOLS FARM
2124,FL37,26,BALULIVE FARM
2125,FL36,26,BALULIVE FARM
2126,FL35,26,BALULIVE FARM
2127,FL34,189,KEPPOLS FARM
2128,FL33,32,FINLAGGAN
2129,FL31,189,KEPPOLS FARM
2130,FL30,189,KEPPOLS FARM
2131,FL3,32,FINLAGGAN
2132,FL29,26,BALULIVE FARM
2133,FL28,26,BALULIVE FARM
2134,FL27,26,BALULIVE FARM
2135,FL26,26,BALULIVE FARM
2136,FL25,26,BALULIVE FARM
2137,FL24,26,BALULIVE FARM
2138,FL23,32,FINLAGGAN
2139,FL22,26,BALULIVE FARM
2140,FL21,26,BALULIVE FARM
2141,FL20,26,BALULIVE FARM
2142,FL2,32,FINLAGGAN
2143,FL19,26,BALULIVE FARM
2144,FL18,26,BALULIVE FARM
2145,FL17,32,FINLAGGAN
2146,FL16,32,FINLAGGAN
2147,FL15,32,FINLAGGAN
2148,FL14,32,FINLAGGAN
2149,FL13,32,FINLAGGAN
2150,FL12,32,FINLAGGAN
2151,FL11,32,FINLAGGAN
2152,FL10,32,FINLAGGAN
2153,FL1,32,FINLAGGAN
2154,FH1,236,CARRAIG FHADA FARM
2155,EO9,37,EORRABUS & SKERROLS
2156,EO8,37,EORRABUS & SKERROLS
2157,EO7,37,EORRABUS & SKERROLS
2158,EO60,37,EORRABUS & SKERROLS
2159,EO6,37,EORRABUS & SKERROLS
2160,EO58,190,BALLIMARTIN
2161,EO57,190,BALLIMARTIN
2162,EO56,190,BALLIMARTIN
2163,EO55,187,SCARRABUS
2164,EO54,187,SCARRABUS
2165,EO53,187,SCARRABUS
2166,EO52,187,SCARRABUS
2167,EO51,187,SCARRABUS
2168,EO50,187,SCARRABUS
2169,EO5,37,EORRABUS & SKERROLS
2170,EO49,190,BALLIMARTIN
2171,EO48,190,BALLIMARTIN
2172,EO47,190,BALLIMARTIN
2173,EO46,190,BALLIMARTIN
2174,EO45,190,BALLIMARTIN
2175,EO44,190,BALLIMARTIN
2176,EO43,190,BALLIMARTIN
2177,EO42,190,BALLIMARTIN
2178,EO41,190,BALLIMARTIN
2179,EO4,37,EORRABUS & SKERROLS
2180,EO39,190,BALLIMARTIN
2181,EO38,190,BALLIMARTIN
2182,EO37,37,EORRABUS & SKERROLS
2183,EO36,37,EORRABUS & SKERROLS
2184,EO35,37,EORRABUS & SKERROLS
2185,EO34,37,EORRABUS & SKERROLS
2186,EO33,187,SCARRABUS
2187,EO32,37,EORRABUS & SKERROLS
2188,EO31,190,BALLIMARTIN
2189,EO30,190,BALLIMARTIN
2190,EO3,37,EORRABUS & SKERROLS
2191,EO29,190,BALLIMARTIN
2192,EO28,190,BALLIMARTIN
2193,EO27,37,EORRABUS & SKERROLS
2194,EO26,37,EORRABUS & SKERROLS
2195,EO25,37,EORRABUS & SKERROLS
2196,EO24,37,EORRABUS & SKERROLS
2197,EO23,37,EORRABUS & SKERROLS
2198,EO22,187,SCARRABUS
2199,EO21,187,SCARRABUS
2200,EO20,27,ISLAY HOME FARM
2201,EO2,37,EORRABUS & SKERROLS
2202,EO19,37,EORRABUS & SKERROLS
2203,EO18,187,SCARRABUS
2204,EO17,187,SCARRABUS
2205,EO16,187,SCARRABUS
2206,EO15,187,SCARRABUS
2207,EO12,187,SCARRABUS
2208,EO11,187,SCARRABUS
2209,EO10,37,EORRABUS & SKERROLS
2210,EO1,37,EORRABUS & SKERROLS
2211,EK9,25,ESKNISH & DRUMNASGIAG
2212,EK8,25,ESKNISH & DRUMNASGIAG
2213,EK7,25,ESKNISH & DRUMNASGIAG
2214,EK6,25,ESKNISH & DRUMNASGIAG
2215,EK59,25,ESKNISH & DRUMNASGIAG
2216,EK58,25,ESKNISH & DRUMNASGIAG
2217,EK57,137,KEPPELSMORE & TERVAGAIN
2218,EK56,137,KEPPELSMORE & TERVAGAIN
2219,EK55,137,KEPPELSMORE & TERVAGAIN
2220,EK54,137,KEPPELSMORE & TERVAGAIN
2221,EK53,137,KEPPELSMORE & TERVAGAIN
2222,EK52,137,KEPPELSMORE & TERVAGAIN
2223,EK51,137,KEPPELSMORE & TERVAGAIN
2224,EK50,137,KEPPELSMORE & TERVAGAIN
2225,EK5,25,ESKNISH & DRUMNASGIAG
2226,EK49,137,KEPPELSMORE & TERVAGAIN
2227,EK48,25,ESKNISH & DRUMNASGIAG
2228,EK47,25,ESKNISH & DRUMNASGIAG
2229,EK46,25,ESKNISH & DRUMNASGIAG
2230,EK44,25,ESKNISH & DRUMNASGIAG
2231,EK43,137,KEPPELSMORE & TERVAGAIN
2232,EK42,25,ESKNISH & DRUMNASGIAG
2233,EK41,25,ESKNISH & DRUMNASGIAG
2234,EK40,25,ESKNISH & DRUMNASGIAG
2235,EK4,25,ESKNISH & DRUMNASGIAG
2236,EK39,25,ESKNISH & DRUMNASGIAG
2237,EK38,25,ESKNISH & DRUMNASGIAG
2238,EK37,25,ESKNISH & DRUMNASGIAG
2239,EK36,25,ESKNISH & DRUMNASGIAG
2240,EK35,25,ESKNISH & DRUMNASGIAG
2241,EK34,25,ESKNISH & DRUMNASGIAG
2242,EK33,25,ESKNISH & DRUMNASGIAG
2243,EK32,25,ESKNISH & DRUMNASGIAG
2244,EK31,25,ESKNISH & DRUMNASGIAG
2245,EK30,25,ESKNISH & DRUMNASGIAG
2246,EK3,25,ESKNISH & DRUMNASGIAG
2247,EK29,25,ESKNISH & DRUMNASGIAG
2248,EK28,25,ESKNISH & DRUMNASGIAG
2249,EK27,25,ESKNISH & DRUMNASGIAG
2250,EK26,25,ESKNISH & DRUMNASGIAG
2251,EK25,25,ESKNISH & DRUMNASGIAG
2252,EK24,25,ESKNISH & DRUMNASGIAG
2253,EK23,25,ESKNISH & DRUMNASGIAG
2254,EK22,25,ESKNISH & DRUMNASGIAG
2255,EK21,25,ESKNISH & DRUMNASGIAG
2256,EK20,25,ESKNISH & DRUMNASGIAG
2257,EK2,25,ESKNISH & DRUMNASGIAG
2258,EK19,25,ESKNISH & DRUMNASGIAG
2259,EK18,137,KEPPELSMORE & TERVAGAIN
2260,EK17,25,ESKNISH & DRUMNASGIAG
2261,EK16,25,ESKNISH & DRUMNASGIAG
2262,EK15,25,ESKNISH & DRUMNASGIAG
2263,EK14,25,ESKNISH & DRUMNASGIAG
2264,EK13,25,ESKNISH & DRUMNASGIAG
2265,EK12,25,ESKNISH & DRUMNASGIAG
2266,EK11,25,ESKNISH & DRUMNASGIAG
2267,EK10,25,ESKNISH & DRUMNASGIAG
2268,EK1,25,ESKNISH & DRUMNASGIAG
2269,EE9,180,EASTER ELLISTER
2270,EE8,180,EASTER ELLISTER
2271,EE7,180,EASTER ELLISTER
2272,EE6,180,EASTER ELLISTER
2273,EE5,180,EASTER ELLISTER
2274,EE4,180,EASTER ELLISTER
2275,EE3,180,EASTER ELLISTER
2276,EE2,180,EASTER ELLISTER
2277,EE19,180,EASTER ELLISTER
2278,EE18,72,WESTER ELLISTER
2279,EE17,36,OCTOFAD FARM
2280,EE16,180,EASTER ELLISTER
2281,EE14,180,EASTER ELLISTER
2282,EE13,180,EASTER ELLISTER
2283,EE1,180,EASTER ELLISTER
2284,DU9,158,DUICH FARM
2285,DU8,158,DUICH FARM
2286,DU7,158,DUICH FARM
2287,DU6,158,DUICH FARM
2288,DU5,158,DUICH FARM
2289,DU4,158,DUICH FARM
2290,DU3,158,DUICH FARM
2291,DU29,111,"CORRARY, (PART) GARTNATRA & (PART) ISLAND FARM"
2292,DU28,226,SUPERHOLDING
2293,DU26,226,SUPERHOLDING
2294,DU25,98,TORRA FARM
2295,DU24,98,TORRA FARM
2296,DU23,98,TORRA FARM
2297,DU22,98,TORRA FARM
2298,DU21,98,TORRA FARM
2299,DU20,98,TORRA FARM
2300,DU2,158,DUICH FARM
2301,DU19,98,TORRA FARM
2302,DU18,226,SUPERHOLDING
2303,DU17,158,DUICH FARM
2304,DU16,158,DUICH FARM
2305,DU15,158,DUICH FARM
2306,DU14,158,DUICH FARM
2307,DU12,158,DUICH FARM
2308,DU11,158,DUICH FARM
2309,DU10,158,DUICH FARM
2310,DU1,158,DUICH FARM
2311,DA9,13,DAILL
2312,DA8,13,DAILL
2313,DA7,13,DAILL
2314,DA6,13,DAILL
2315,DA5,13,DAILL
2316,DA4,13,DAILL
2317,DA3,13,DAILL
2318,DA28,13,DAILL
2319,DA27,13,DAILL
2320,DA26,13,DAILL
2321,DA25,13,DAILL
2322,DA24,13,DAILL
2323,DA23,13,DAILL
2324,DA22,13,DAILL
2325,DA21,13,DAILL
2326,DA20,13,DAILL
2327,DA2,13,DAILL
2328,DA19,13,DAILL
2329,DA18,13,DAILL
2330,DA17,13,DAILL
2331,DA16,13,DAILL
2332,DA15,13,DAILL
2333,DA14,13,DAILL
2334,DA13,13,DAILL
2335,DA12,13,DAILL
2336,DA11,13,DAILL
2337,DA10,13,DAILL
2338,DA1,13,DAILL
2339,CY9,129,LAGGAN ESTATE;2 CORRARY;132 BOWMORE
2340,CY8,129,LAGGAN ESTATE;2 CORRARY;132 BOWMORE
2341,CY7,111,"CORRARY, (PART) GARTNATRA & (PART) ISLAND FARM"
2342,CY6,111,"CORRARY, (PART) GARTNATRA & (PART) ISLAND FARM"
2343,CY5,111,"CORRARY, (PART) GARTNATRA & (PART) ISLAND FARM"
2344,CY4,111,"CORRARY, (PART) GARTNATRA & (PART) ISLAND FARM"
2345,CY3,111,"CORRARY, (PART) GARTNATRA & (PART) ISLAND FARM"
2346,CY29,111,"CORRARY, (PART) GARTNATRA & (PART) ISLAND FARM"
2347,CY27,129,LAGGAN ESTATE;2 CORRARY;132 BOWMORE
2348,CY26,129,LAGGAN ESTATE;2 CORRARY;132 BOWMORE
2349,CY25,111,"CORRARY, (PART) GARTNATRA & (PART) ISLAND FARM"
2350,CY24,111,"CORRARY, (PART) GARTNATRA & (PART) ISLAND FARM"
2351,CY23,112,(PART) ISLAND FARM & BOWMORE HOLDINGS
2352,CY22,112,(PART) ISLAND FARM & BOWMORE HOLDINGS
2353,CY21,266,Newmains
2354,CY20,266,Newmains
2355,CY2,111,"CORRARY, (PART) GARTNATRA & (PART) ISLAND FARM"
2356,CY19,226,SUPERHOLDING
2357,CY18,226,SUPERHOLDING
2358,CY17,112,(PART) ISLAND FARM & BOWMORE HOLDINGS
2359,CY16,112,(PART) ISLAND FARM & BOWMORE HOLDINGS
2360,CY15,112,(PART) ISLAND FARM & BOWMORE HOLDINGS
2361,CY14,112,(PART) ISLAND FARM & BOWMORE HOLDINGS
2362,CY13,111,"CORRARY, (PART) GARTNATRA & (PART) ISLAND FARM"
2363,CY12,111,"CORRARY, (PART) GARTNATRA & (PART) ISLAND FARM"
2364,CY11,111,"CORRARY, (PART) GARTNATRA & (PART) ISLAND FARM"
2365,CY10,129,LAGGAN ESTATE;2 CORRARY;132 BOWMORE
2366,CY1,111,"CORRARY, (PART) GARTNATRA & (PART) ISLAND FARM"
2367,CW9,44,CARN TORMISDALE
2368,CW8,100,LOSSIT
2369,CW7,100,LOSSIT
2370,CW6,44,CARN TORMISDALE
2371,CW5,44,CARN TORMISDALE
2372,CW4,44,CARN TORMISDALE
2373,CW39,44,CARN TORMISDALE
2374,CW38,44,CARN TORMISDALE
2375,CW37,230,SUPERHOLDING
2376,CW36,249,TORMISDALE CROFT
2377,CW35,230,SUPERHOLDING
2378,CW34,249,TORMISDALE CROFT
2379,CW33,249,TORMISDALE CROFT
2380,CW32,230,SUPERHOLDING
2381,CW31,230,SUPERHOLDING
2382,CW30,230,SUPERHOLDING
2383,CW3,44,CARN TORMISDALE
2384,CW29,249,TORMISDALE CROFT
2385,CW28,100,LOSSIT
2386,CW26,249,TORMISDALE CROFT
2387,CW25,230,SUPERHOLDING
2388,CW23,249,TORMISDALE CROFT
2389,CW22,249,TORMISDALE CROFT
2390,CW21,44,CARN TORMISDALE
2391,CW20,44,CARN TORMISDALE
2392,CW2,44,CARN TORMISDALE
2393,CW19,249,TORMISDALE CROFT
2394,CW18,230,SUPERHOLDING
2395,CW17,249,TORMISDALE CROFT
2396,CW16,230,SUPERHOLDING
2397,CW15,230,SUPERHOLDING
2398,CW14,230,SUPERHOLDING
2399,CW13,230,SUPERHOLDING
2400,CW12,249,TORMISDALE CROFT
2401,CW11,230,SUPERHOLDING
2402,CW1,44,CARN TORMISDALE
2403,CV9,215,BALLYMEANACH
2404,CV8,215,BALLYMEANACH
2405,CV7,215,BALLYMEANACH
2406,CV6,215,BALLYMEANACH
2407,CV5,215,BALLYMEANACH
2408,CV4,68,CLADVILLE
2409,CV3,68,CLADVILLE
2410,CV28,68,CLADVILLE
2411,CV27,230,SUPERHOLDING
2412,CV26,230,SUPERHOLDING
2413,CV25,68,CLADVILLE
2414,CV23,68,CLADVILLE
2415,CV22,68,CLADVILLE
2416,CV21,68,CLADVILLE
2417,CV20,68,CLADVILLE
2418,CV2,68,CLADVILLE
2419,CV19,68,CLADVILLE
2420,CV18,68,CLADVILLE
2421,CV17,68,CLADVILLE
2422,CV16,68,CLADVILLE
2423,CV15,230,SUPERHOLDING
2424,CV14,68,CLADVILLE
2425,CV13,68,CLADVILLE
2426,CV12,68,CLADVILLE
2427,CV11,68,CLADVILLE
2428,CV10,68,CLADVILLE
2429,CV1,68,CLADVILLE
2430,CT9,153,ARDLARACH
2431,CT8,154,RONNACHMORE
2432,CT7,154,RONNACHMORE
2433,CT6,154,RONNACHMORE
2434,CT5,266,Newmains
2435,CT43,226,SUPERHOLDING
2436,CT42,226,SUPERHOLDING
2437,CT41,153,ARDLARACH
2438,CT40,220,BOWMORE HOLDINGS
2439,CT4,266,Newmains
2440,CT39,154,RONNACHMORE
2441,CT38,154,RONNACHMORE
2442,CT37,220,BOWMORE HOLDINGS
2443,CT36,220,BOWMORE HOLDINGS
2444,CT35,220,BOWMORE HOLDINGS
2445,CT34,266,Newmains
2446,CT33,266,Newmains
2447,CT32,154,RONNACHMORE
2448,CT31,154,RONNACHMORE
2449,CT30,154,RONNACHMORE
2450,CT3,266,Newmains
2451,CT29,154,RONNACHMORE
2452,CT28,154,RONNACHMORE
2453,CT27,205,BOWMORE FIELDS
2454,CT26,112,(PART) ISLAND FARM & BOWMORE HOLDINGS
2455,CT25,112,(PART) ISLAND FARM & BOWMORE HOLDINGS
2456,CT24,205,BOWMORE FIELDS
2457,CT23,266,Newmains
2458,CT22,266,Newmains
2459,CT21,266,Newmains
2460,CT20,211,BOWMORE LOTTS 96/97
2461,CT2,266,Newmains
2462,CT19,211,BOWMORE LOTTS 96/97
2463,CT18,112,(PART) ISLAND FARM & BOWMORE HOLDINGS
2464,CT17,112,(PART) ISLAND FARM & BOWMORE HOLDINGS
2465,CT16,226,SUPERHOLDING
2466,CT15,154,RONNACHMORE
2467,CT14,154,RONNACHMORE
2468,CT13,154,RONNACHMORE
2469,CT12,154,RONNACHMORE
2470,CT11,153,ARDLARACH
2471,CT10,153,ARDLARACH
2472,CT1,220,BOWMORE HOLDINGS
2473,CS9,107,CONISBY
2474,CS9,107,CONISBY
2475,CS8,107,CONISBY
2476,CS7,107,CONISBY
2477,CS6,107,CONISBY
2478,CS5,107,CONISBY
2479,CS4,107,CONISBY
2480,CS38,107,CONISBY
2481,CS37,107,CONISBY
2482,CS36,107,CONISBY
2483,CS35,107,CONISBY
2484,CS34,107,CONISBY
2485,CS33,107,CONISBY
2486,CS32,107,CONISBY
2487,CS31,128,CONISBY
2488,CS30,128,CONISBY
2489,CS3,128,CONISBY
2490,CS29,128,CONISBY
2491,CS26,105,GORTANACHUIRN
2492,CS25,105,GORTANACHUIRN
2493,CS24,105,GORTANACHUIRN
2494,CS23,105,GORTANACHUIRN
2495,CS22,107,CONISBY
2496,CS21,107,CONISBY
2497,CS20,175,KENTRAW
2498,CS2,128,CONISBY
2499,CS16,107,CONISBY
2500,CS15,107,CONISBY
2501,CS14,107,CONISBY
2502,CS13,142,PART CONISBY CROFT
2503,CS12,142,PART CONISBY CROFT
2504,CS11,128,CONISBY
2505,CS10,128,CONISBY
2506,CS1,33,THE CROFT
2507,CR9,112,(PART) ISLAND FARM & BOWMORE HOLDINGS
2508,CR8,220,BOWMORE HOLDINGS
2509,CR7,220,BOWMORE HOLDINGS
2510,CR6,217,CRUACH
2511,CR5,220,BOWMORE HOLDINGS
2512,CR4,226,SUPERHOLDING
2513,CR36,217,CRUACH
2514,CR35,112,(PART) ISLAND FARM & BOWMORE HOLDINGS
2515,CR34,217,CRUACH
2516,CR33,217,CRUACH
2517,CR32,217,CRUACH
2518,CR31,217,CRUACH
2519,CR30,217,CRUACH
2520,CR3,226,SUPERHOLDING
2521,CR29,217,CRUACH
2522,CR28,217,CRUACH
2523,CR27,217,CRUACH
2524,CR26,220,BOWMORE HOLDINGS
2525,CR25,220,BOWMORE HOLDINGS
2526,CR24,220,BOWMORE HOLDINGS
2527,CR23,220,BOWMORE HOLDINGS
2528,CR22,47,WEST CRUACH
2529,CR21,47,WEST CRUACH
2530,CR20,47,WEST CRUACH
2531,CR2,205,BOWMORE FIELDS
2532,CR19,217,CRUACH
2533,CR18,217,CRUACH
2534,CR17,217,CRUACH
2535,CR16,217,CRUACH
2536,CR15,220,BOWMORE HOLDINGS
2537,CR14,220,BOWMORE HOLDINGS
2538,CR13,220,BOWMORE HOLDINGS
2539,CR12,220,BOWMORE HOLDINGS
2540,CR11,226,SUPERHOLDING
2541,CR10,220,BOWMORE HOLDINGS
2542,CR1,205,BOWMORE FIELDS
2543,CP9,183,CRAIGENS & CORSAPOL
2544,CP8,183,CRAIGENS & CORSAPOL
2545,CP7,183,CRAIGENS & CORSAPOL
2546,CP60,183,CRAIGENS & CORSAPOL
2547,CP6,183,CRAIGENS & CORSAPOL
2548,CP59,183,CRAIGENS & CORSAPOL
2549,CP58,183,CRAIGENS & CORSAPOL
2550,CP57,183,CRAIGENS & CORSAPOL
2551,CP56,183,CRAIGENS & CORSAPOL
2552,CP55,183,CRAIGENS & CORSAPOL
2553,CP52,183,CRAIGENS & CORSAPOL
2554,CP51,183,CRAIGENS & CORSAPOL
2555,CP50,183,CRAIGENS & CORSAPOL
2556,CP5,183,CRAIGENS & CORSAPOL
2557,CP49,196,UISKENTUIE
2558,CP48,196,UISKENTUIE
2559,CP47,196,UISKENTUIE
2560,CP46,196,UISKENTUIE
2561,CP45,196,UISKENTUIE
2562,CP44,196,UISKENTUIE
2563,CP43,183,CRAIGENS & CORSAPOL
2564,CP42,183,CRAIGENS & CORSAPOL
2565,CP41,193,KNOCKDON
2566,CP40,193,KNOCKDON
2567,CP4,183,CRAIGENS & CORSAPOL
2568,CP37,193,KNOCKDON
2569,CP36,196,UISKENTUIE
2570,CP35,196,UISKENTUIE
2571,CP34,183,CRAIGENS & CORSAPOL
2572,CP33,183,CRAIGENS & CORSAPOL
2573,CP32,183,CRAIGENS & CORSAPOL
2574,CP31,183,CRAIGENS & CORSAPOL
2575,CP30,183,CRAIGENS & CORSAPOL
2576,CP3,183,CRAIGENS & CORSAPOL
2577,CP29,196,UISKENTUIE
2578,CP28,196,UISKENTUIE
2579,CP27,196,UISKENTUIE
2580,CP26,183,CRAIGENS & CORSAPOL
2581,CP25,196,UISKENTUIE
2582,CP24,196,UISKENTUIE
2583,CP23,196,UISKENTUIE
2584,CP22,196,UISKENTUIE
2585,CP21,196,UISKENTUIE
2586,CP20,196,UISKENTUIE
2587,CP2,183,CRAIGENS & CORSAPOL
2588,CP19,183,CRAIGENS & CORSAPOL
2589,CP18,183,CRAIGENS & CORSAPOL
2590,CP17,183,CRAIGENS & CORSAPOL
2591,CP16,183,CRAIGENS & CORSAPOL
2592,CP15,183,CRAIGENS & CORSAPOL
2593,CP14,183,CRAIGENS & CORSAPOL
2594,CP13,183,CRAIGENS & CORSAPOL
2595,CP12,183,CRAIGENS & CORSAPOL
2596,CP11,183,CRAIGENS & CORSAPOL
2597,CP10,183,CRAIGENS & CORSAPOL
2598,CP1,183,CRAIGENS & CORSAPOL
2599,CO9,200,COULL1
2600,CO7,200,COULL1
2601,CO60,136,GRULINMORE
2602,CO6,200,COULL1
2603,CO58,69,MACHRIE CROFT
2604,co57,229,SUPERHOLDING
2605,CO55,200,COULL1
2606,CO54,70,COULERACH
2607,CO53,70,COULERACH
2608,CO52,200,COULL1
2609,CO51,200,COULL1
2610,CO50,200,COULL1
2611,CO5,200,COULL1
2612,CO49,200,COULL1
2613,CO48,200,COULL1
2614,CO47,200,COULL1
2615,CO46,69,MACHRIE CROFT
2616,CO45,200,COULL1
2617,CO44,200,COULL1
2618,CO43,200,COULL1
2619,CO41,200,COULL1
2620,CO40,70,COULERACH
2621,CO4,200,COULL1
2622,CO39,70,COULERACH
2623,CO38,70,COULERACH
2624,CO37,200,COULL1
2625,CO36,200,COULL1
2626,CO34,69,MACHRIE CROFT
2627,CO33,70,COULERACH
2628,CO32,70,COULERACH
2629,CO31,200,COULL1
2630,CO30,200,COULL1
2631,CO3,200,COULL1
2632,CO29,200,COULL1
2633,CO28,200,COULL1
2634,CO27,200,COULL1
2635,CO26,200,COULL1
2636,CO25,200,COULL1
2637,CO24,200,COULL1
2638,CO23,200,COULL1
2639,CO22,200,COULL1
2640,CO21,200,COULL1
2641,CO20,200,COULL1
2642,CO2,200,COULL1
2643,CO19,200,COULL1
2644,CO18,200,COULL1
2645,CO17,200,COULL1
2646,CO16,200,COULL1
2647,CO15,200,COULL1
2648,CO14,200,COULL1
2649,CO13,200,COULL1
2650,CO12,200,COULL1
2651,CO11,200,COULL1
2652,CO10,200,COULL1
2653,CO1,200,COULL1
2654,CN9,59,"AVONVOGIE, CEANNACROIC & KYNGARRY"
2655,CN8,59,"AVONVOGIE, CEANNACROIC & KYNGARRY"
2656,CN7,115,BARR FARM
2657,CN6,115,BARR FARM
2658,CN5,115,BARR FARM
2659,CN4,115,BARR FARM
2660,CN36,223,DAILL
2661,CN35,223,DAILL
2662,CN34,223,DAILL
2663,CN33,12,NERIBY FARM
2664,CN32,12,NERIBY FARM
2665,CN31,12,NERIBY FARM
2666,CN30,12,NERIBY FARM
2667,CN3,115,BARR FARM
2668,CN29,12,NERIBY FARM
2669,CN27,12,NERIBY FARM
2670,CN26,12,NERIBY FARM
2671,CN25,12,NERIBY FARM
2672,CN24,12,NERIBY FARM
2673,CN23,59,"AVONVOGIE, CEANNACROIC & KYNGARRY"
2674,CN22,59,"AVONVOGIE, CEANNACROIC & KYNGARRY"
2675,CN21,59,"AVONVOGIE, CEANNACROIC & KYNGARRY"
2676,CN20,59,"AVONVOGIE, CEANNACROIC & KYNGARRY"
2677,CN2,115,BARR FARM
2678,CN19,59,"AVONVOGIE, CEANNACROIC & KYNGARRY"
2679,CN18,59,"AVONVOGIE, CEANNACROIC & KYNGARRY"
2680,CN17,59,"AVONVOGIE, CEANNACROIC & KYNGARRY"
2681,CN16,12,NERIBY FARM
2682,CN15,12,NERIBY FARM
2683,CN14,12,NERIBY FARM
2684,CN13,59,"AVONVOGIE, CEANNACROIC & KYNGARRY"
2685,CN12,59,"AVONVOGIE, CEANNACROIC & KYNGARRY"
2686,CN11,59,"AVONVOGIE, CEANNACROIC & KYNGARRY"
2687,CN10,59,"AVONVOGIE, CEANNACROIC & KYNGARRY"
2688,CN1,115,BARR FARM
2689,CL9,230,SUPERHOLDING
2690,CL8,230,SUPERHOLDING
2691,CL7,230,SUPERHOLDING
2692,CL60,230,SUPERHOLDING
2693,CL6,230,SUPERHOLDING
2694,CL56,132,BOLSAY
2695,CL54,132,BOLSAY
2696,CL53,132,BOLSAY
2697,CL52,132,BOLSAY
2698,CL51,132,BOLSAY
2699,CL50,257,CLADDACH 7
2700,CL5,230,SUPERHOLDING
2701,CL48,257,CLADDACH 7
2702,CL47,257,CLADDACH 7
2703,CL46,257,CLADDACH 7
2704,CL45,257,CLADDACH 7
2705,CL44,242,WINDY EDGE
2706,CL43,242,WINDY EDGE
2707,CL42,242,WINDY EDGE
2708,CL41,242,WINDY EDGE
2709,CL4,230,SUPERHOLDING
2710,CL30,242,WINDY EDGE
2711,CL3,230,SUPERHOLDING
2712,CL29,242,WINDY EDGE
2713,CL28,242,WINDY EDGE
2714,CL27,242,WINDY EDGE
2715,CL26,230,SUPERHOLDING
2716,CL25,242,WINDY EDGE
2717,CL24,242,WINDY EDGE
2718,CL23,52,PORT A REIDHLEINN
2719,CL22,52,PORT A REIDHLEINN
2720,CL21,52,PORT A REIDHLEINN
2721,CL2,230,SUPERHOLDING
2722,CL18,230,SUPERHOLDING
2723,CL17,230,SUPERHOLDING
2724,CL16,230,SUPERHOLDING
2725,CL15,230,SUPERHOLDING
2726,CL14,230,SUPERHOLDING
2727,CL13,230,SUPERHOLDING
2728,CL12,230,SUPERHOLDING
2729,CL11,230,SUPERHOLDING
2730,CL10,230,SUPERHOLDING
2731,CL1,230,SUPERHOLDING
2732,CG9,55,CLAGGAN FARM
2733,CG8,55,CLAGGAN FARM
2734,CG7,55,CLAGGAN FARM
2735,CG6,55,CLAGGAN FARM
2736,CG5,55,CLAGGAN FARM
2737,CG4,55,CLAGGAN FARM
2738,CG36,55,CLAGGAN FARM
2739,CG35,55,CLAGGAN FARM
2740,CG33,125,BALLYTARSIN
2741,CG32,125,BALLYTARSIN
2742,CG31,13,DAILL
2743,CG30,13,DAILL
2744,CG3,55,CLAGGAN FARM
2745,CG29,223,DAILL
2746,CG28,55,CLAGGAN FARM
2747,CG27,55,CLAGGAN FARM
2748,CG26,55,CLAGGAN FARM
2749,CG25,55,CLAGGAN FARM
2750,CG24,125,BALLYTARSIN
2751,CG23,125,BALLYTARSIN
2752,CG22,125,BALLYTARSIN
2753,CG21,125,BALLYTARSIN
2754,CG20,125,BALLYTARSIN
2755,CG2,55,CLAGGAN FARM
2756,CG19,125,BALLYTARSIN
2757,CG18,55,CLAGGAN FARM
2758,CG17,55,CLAGGAN FARM
2759,CG16,55,CLAGGAN FARM
2760,CG15,125,BALLYTARSIN
2761,CG14,55,CLAGGAN FARM
2762,CG13,55,CLAGGAN FARM
2763,CG12,55,CLAGGAN FARM
2764,CG11,55,CLAGGAN FARM
2765,CG10,55,CLAGGAN FARM
2766,CG1,84,STARCHMILL
2767,CF8,132,BOLSAY
2768,CF7,132,BOLSAY
2769,CF6,132,BOLSAY
2770,CF5,132,BOLSAY
2771,CF4,132,BOLSAY
2772,CF31,132,BOLSAY
2773,CF30,132,BOLSAY
2774,CF3,132,BOLSAY
2775,CF28,230,SUPERHOLDING
2776,CF27,230,SUPERHOLDING
2777,CF26,230,SUPERHOLDING
2778,CF25,230,SUPERHOLDING
2779,CF24,132,BOLSAY
2780,CF22,230,SUPERHOLDING
2781,CF21,132,BOLSAY
2782,CF20,132,BOLSAY
2783,CF2,132,BOLSAY
2784,CF19,230,SUPERHOLDING
2785,CF18,132,BOLSAY
2786,CF17,132,BOLSAY
2787,CF16,132,BOLSAY
2788,CF15,132,BOLSAY
2789,CF14,132,BOLSAY
2790,CF13,132,BOLSAY
2791,CF12,132,BOLSAY
2792,CF11,132,BOLSAY
2793,CF10,132,BOLSAY
2794,CF1,132,BOLSAY
2795,CC9,59,"AVONVOGIE, CEANNACROIC & KYNGARRY"
2796,CC8,59,"AVONVOGIE, CEANNACROIC & KYNGARRY"
2797,CC7,59,"AVONVOGIE, CEANNACROIC & KYNGARRY"
2798,CC6,59,"AVONVOGIE, CEANNACROIC & KYNGARRY"
2799,CC5,59,"AVONVOGIE, CEANNACROIC & KYNGARRY"
2800,CC4,59,"AVONVOGIE, CEANNACROIC & KYNGARRY"
2801,CC37,59,"AVONVOGIE, CEANNACROIC & KYNGARRY"
2802,CC36,59,"AVONVOGIE, CEANNACROIC & KYNGARRY"
2803,CC35,59,"AVONVOGIE, CEANNACROIC & KYNGARRY"
2804,CC34,59,"AVONVOGIE, CEANNACROIC & KYNGARRY"
2805,CC33,59,"AVONVOGIE, CEANNACROIC & KYNGARRY"
2806,CC32,59,"AVONVOGIE, CEANNACROIC & KYNGARRY"
2807,CC31,59,"AVONVOGIE, CEANNACROIC & KYNGARRY"
2808,CC30,59,"AVONVOGIE, CEANNACROIC & KYNGARRY"
2809,CC3,59,"AVONVOGIE, CEANNACROIC & KYNGARRY"
2810,CC29,59,"AVONVOGIE, CEANNACROIC & KYNGARRY"
2811,CC28,59,"AVONVOGIE, CEANNACROIC & KYNGARRY"
2812,CC27,59,"AVONVOGIE, CEANNACROIC & KYNGARRY"
2813,CC26,59,"AVONVOGIE, CEANNACROIC & KYNGARRY"
2814,CC25,59,"AVONVOGIE, CEANNACROIC & KYNGARRY"
2815,CC24,59,"AVONVOGIE, CEANNACROIC & KYNGARRY"
2816,CC23,59,"AVONVOGIE, CEANNACROIC & KYNGARRY"
2817,CC22,59,"AVONVOGIE, CEANNACROIC & KYNGARRY"
2818,CC21,59,"AVONVOGIE, CEANNACROIC & KYNGARRY"
2819,CC20,59,"AVONVOGIE, CEANNACROIC & KYNGARRY"
2820,CC2,59,"AVONVOGIE, CEANNACROIC & KYNGARRY"
2821,CC19,59,"AVONVOGIE, CEANNACROIC & KYNGARRY"
2822,CC18,59,"AVONVOGIE, CEANNACROIC & KYNGARRY"
2823,CC17,59,"AVONVOGIE, CEANNACROIC & KYNGARRY"
2824,CC16,59,"AVONVOGIE, CEANNACROIC & KYNGARRY"
2825,CC15,59,"AVONVOGIE, CEANNACROIC & KYNGARRY"
2826,CC14,59,"AVONVOGIE, CEANNACROIC & KYNGARRY"
2827,CC13,59,"AVONVOGIE, CEANNACROIC & KYNGARRY"
2828,CC12,59,"AVONVOGIE, CEANNACROIC & KYNGARRY"
2829,CC11,59,"AVONVOGIE, CEANNACROIC & KYNGARRY"
2830,CC10,59,"AVONVOGIE, CEANNACROIC & KYNGARRY"
2831,CC1,59,"AVONVOGIE, CEANNACROIC & KYNGARRY"
2832,CB9,259,LOWER/MID CRAGABUS
2833,CB8,71,UPPER CRAGABUS
2834,CB7,259,LOWER/MID CRAGABUS
2835,CB6,259,LOWER/MID CRAGABUS
2836,CB5,259,LOWER/MID CRAGABUS
2837,CB4,259,LOWER/MID CRAGABUS
2838,CB33,117,LOWER CRAGABUS
2839,CB32,117,LOWER CRAGABUS
2840,CB31,71,UPPER CRAGABUS
2841,CB30,259,LOWER/MID CRAGABUS
2842,CB3,71,UPPER CRAGABUS
2843,CB29,238,"MANSFIELD CROFT, IMMERAVALE & LOWER CRAGABUS"
2844,CB28,259,LOWER/MID CRAGABUS
2845,CB27,259,LOWER/MID CRAGABUS
2846,CB26,238,"MANSFIELD CROFT, IMMERAVALE & LOWER CRAGABUS"
2847,CB25,238,"MANSFIELD CROFT, IMMERAVALE & LOWER CRAGABUS"
2848,CB24,238,"MANSFIELD CROFT, IMMERAVALE & LOWER CRAGABUS"
2849,CB23,238,"MANSFIELD CROFT, IMMERAVALE & LOWER CRAGABUS"
2850,CB22,259,LOWER/MID CRAGABUS
2851,CB21,238,"MANSFIELD CROFT, IMMERAVALE & LOWER CRAGABUS"
2852,CB20,117,LOWER CRAGABUS
2853,CB2,71,UPPER CRAGABUS
2854,CB19,259,LOWER/MID CRAGABUS
2855,CB18,172,SUPERHOLDING
2856,CB17,238,"MANSFIELD CROFT, IMMERAVALE & LOWER CRAGABUS"
2857,CB16,117,LOWER CRAGABUS
2858,CB15,238,"MANSFIELD CROFT, IMMERAVALE & LOWER CRAGABUS"
2859,CB14,117,LOWER CRAGABUS
2860,CB13,259,LOWER/MID CRAGABUS
2861,CB12,71,UPPER CRAGABUS
2862,CB11,259,LOWER/MID CRAGABUS
2863,CB10,259,LOWER/MID CRAGABUS
2864,CB1,71,UPPER CRAGABUS
2865,BY9,53,KILBRIDE
2866,BY8,53,KILBRIDE
2867,BY7,53,KILBRIDE
2868,BY6,53,KILBRIDE
2869,BY5,53,KILBRIDE
2870,BY4,53,KILBRIDE
2871,BY37,172,SUPERHOLDING
2872,BY35,172,SUPERHOLDING
2873,BY34,172,SUPERHOLDING
2874,BY33,17,PORTANTRUAN FARM
2875,BY32,17,PORTANTRUAN FARM
2876,BY31,53,KILBRIDE
2877,BY30,53,KILBRIDE
2878,BY3,53,KILBRIDE
2879,BY29,53,KILBRIDE
2880,BY28,53,KILBRIDE
2881,BY27,53,KILBRIDE
2882,BY26,53,KILBRIDE
2883,BY25,53,KILBRIDE
2884,BY24,172,SUPERHOLDING
2885,BY23,17,PORTANTRUAN FARM
2886,BY22,17,PORTANTRUAN FARM
2887,BY21,17,PORTANTRUAN FARM
2888,BY20,17,PORTANTRUAN FARM
2889,BY2,53,KILBRIDE
2890,BY19,172,SUPERHOLDING
2891,BY18,118,CAIRNMOR 8;9+11
2892,BY17,172,SUPERHOLDING
2893,BY16,17,PORTANTRUAN FARM
2894,BY15,172,SUPERHOLDING
2895,BY13,172,SUPERHOLDING
2896,BY12,172,SUPERHOLDING
2897,BY11,172,SUPERHOLDING
2898,BY10,172,SUPERHOLDING
2899,BY1,53,KILBRIDE
2900,BW9,226,SUPERHOLDING
2901,BW8,226,SUPERHOLDING
2902,BW7,112,(PART) ISLAND FARM & BOWMORE HOLDINGS
2903,BW6,226,SUPERHOLDING
2904,BW5,112,(PART) ISLAND FARM & BOWMORE HOLDINGS
2905,BW4,112,(PART) ISLAND FARM & BOWMORE HOLDINGS
2906,BW30,266,Newmains
2907,BW3,61,BUNNANUISGE
2908,BW29,266,Newmains
2909,BW28,123,TALLANT
2910,BW27,61,BUNNANUISGE
2911,BW26,226,SUPERHOLDING
2912,BW25,112,(PART) ISLAND FARM & BOWMORE HOLDINGS
2913,BW24,112,(PART) ISLAND FARM & BOWMORE HOLDINGS
2914,BW23,226,SUPERHOLDING
2915,BW22,226,SUPERHOLDING
2916,BW21,123,TALLANT
2917,BW20,123,TALLANT
2918,BW2,61,BUNNANUISGE
2919,BW19,111,"CORRARY, (PART) GARTNATRA & (PART) ISLAND FARM"
2920,BW18,123,TALLANT
2921,BW17,123,TALLANT
2922,BW16,123,TALLANT
2923,BW15,123,TALLANT
2924,BW14,266,Newmains
2925,BW13,266,Newmains
2926,BW12,266,Newmains
2927,BW11,266,Newmains
2928,BW10,266,Newmains
2929,BW1,61,BUNNANUISGE
2930,BV9,263,HEATHER PARK
2931,BV8,238,"MANSFIELD CROFT, IMMERAVALE & LOWER CRAGABUS"
2932,BV7,238,"MANSFIELD CROFT, IMMERAVALE & LOWER CRAGABUS"
2933,BV6,172,SUPERHOLDING
2934,BV5,172,SUPERHOLDING
2935,BV4,172,SUPERHOLDING
2936,BV35,172,SUPERHOLDING
2937,BV34,172,SUPERHOLDING
2938,BV33,8,Balaclava & Cornabus
2939,BV32,8,Balaclava & Cornabus
2940,BV31,8,Balaclava & Cornabus
2941,BV30,16,BALLIVICAR
2942,BV3,172,SUPERHOLDING
2943,BV29,16,BALLIVICAR
2944,BV28,16,BALLIVICAR
2945,BV27,16,BALLIVICAR
2946,BV26,16,BALLIVICAR
2947,BV25,16,BALLIVICAR
2948,BV24,16,BALLIVICAR
2949,BV23,16,BALLIVICAR
2950,BV22,16,BALLIVICAR
2951,BV21,16,BALLIVICAR
2952,BV20,16,BALLIVICAR
2953,BV2,172,SUPERHOLDING
2954,BV19,16,BALLIVICAR
2955,BV18,16,BALLIVICAR
2956,BV17,16,BALLIVICAR
2957,BV16,8,Balaclava & Cornabus
2958,BV15,8,Balaclava & Cornabus
2959,BV14,8,Balaclava & Cornabus
2960,BV13,8,Balaclava & Cornabus
2961,BV12,8,Balaclava & Cornabus
2962,BV11,8,Balaclava & Cornabus
2963,BV10,8,Balaclava & Cornabus
2964,BV1,172,SUPERHOLDING
2965,BU9,183,CRAIGENS & CORSAPOL
2966,BU7,183,CRAIGENS & CORSAPOL
2967,BU6,183,CRAIGENS & CORSAPOL
2968,BU5,183,CRAIGENS & CORSAPOL
2969,BU4,183,CRAIGENS & CORSAPOL
2970,BU3,183,CRAIGENS & CORSAPOL
2971,BU2,183,CRAIGENS & CORSAPOL
2972,BU18,183,CRAIGENS & CORSAPOL
2973,BU17,183,CRAIGENS & CORSAPOL
2974,BU11,183,CRAIGENS & CORSAPOL
2975,BU1,183,CRAIGENS & CORSAPOL
2976,BS8,132,BOLSAY
2977,BS7,132,BOLSAY
2978,BS6,230,SUPERHOLDING
2979,BS5,54,PORT BOLSAY
2980,BS4,54,PORT BOLSAY
2981,BS3,132,BOLSAY
2982,BS12,216,GEARACH FARM
2983,BS11,230,SUPERHOLDING
2984,BS10,230,SUPERHOLDING
2985,BS1,132,BOLSAY
2986,BN9,14,PERSABUS FARM
2987,BN8,14,PERSABUS FARM
2988,BN7,14,PERSABUS FARM
2989,BN6,14,PERSABUS FARM
2990,BN5,14,PERSABUS FARM
2991,BN42,83,ARDNAHOE
2992,BN41,60,AUCHNACLACH FARM
2993,BN40,60,AUCHNACLACH FARM
2994,BN4,14,PERSABUS FARM
2995,BN39,60,AUCHNACLACH FARM
2996,BN38,60,AUCHNACLACH FARM
2997,BN37,14,PERSABUS FARM
2998,BN36,40,TORRABUS
2999,BN35,40,TORRABUS
3000,BN34,40,TORRABUS
3001,BN32,40,TORRABUS
3002,BN31,40,TORRABUS
3003,BN30,14,PERSABUS FARM
3004,BN3,14,PERSABUS FARM
3005,BN29,83,ARDNAHOE
3006,BN28,60,AUCHNACLACH FARM
3007,BN26,60,AUCHNACLACH FARM
3008,BN25,60,AUCHNACLACH FARM
3009,BN24,60,AUCHNACLACH FARM
3010,BN23,228,SUPERHOLDING
3011,BN22,14,PERSABUS FARM
3012,BN21,14,PERSABUS FARM
3013,BN20,14,PERSABUS FARM
3014,BN2,14,PERSABUS FARM
3015,BN19,83,ARDNAHOE
3016,BN18,83,ARDNAHOE
3017,BN17,83,ARDNAHOE
3018,BN16,83,ARDNAHOE
3019,BN15,83,ARDNAHOE
3020,BN14,40,TORRABUS
3021,BN13,40,TORRABUS
3022,BN12,40,TORRABUS
3023,BN11,40,TORRABUS
3024,BN10,40,TORRABUS
3025,BN1,14,PERSABUS FARM
3026,BM9,64,BALLACHLAVEN
3027,BM8,190,BALLIMARTIN
3028,BM7,190,BALLIMARTIN
3029,BM6,190,BALLIMARTIN
3030,BM50,64,BALLACHLAVEN
3031,BM5,190,BALLIMARTIN
3032,BM49,187,SCARRABUS
3033,BM48,64,BALLACHLAVEN
3034,BM47,190,BALLIMARTIN
3035,BM46,64,BALLACHLAVEN
3036,BM45,190,BALLIMARTIN
3037,BM44,190,BALLIMARTIN
3038,BM43,190,BALLIMARTIN
3039,BM42,190,BALLIMARTIN
3040,BM40,64,BALLACHLAVEN
3041,BM4,190,BALLIMARTIN
3042,BM39,190,BALLIMARTIN
3043,BM38,64,BALLACHLAVEN
3044,BM37,64,BALLACHLAVEN
3045,BM36,190,BALLIMARTIN
3046,BM35,190,BALLIMARTIN
3047,BM34,190,BALLIMARTIN
3048,BM33,190,BALLIMARTIN
3049,BM32,190,BALLIMARTIN
3050,BM31,190,BALLIMARTIN
3051,BM30,64,BALLACHLAVEN
3052,BM3,190,BALLIMARTIN
3053,BM29,190,BALLIMARTIN
3054,BM28,190,BALLIMARTIN
3055,BM27,64,BALLACHLAVEN
3056,BM26,64,BALLACHLAVEN
3057,BM25,64,BALLACHLAVEN
3058,BM24,64,BALLACHLAVEN
3059,BM23,187,SCARRABUS
3060,BM22,190,BALLIMARTIN
3061,BM21,64,BALLACHLAVEN
3062,BM20,64,BALLACHLAVEN
3063,BM2,190,BALLIMARTIN
3064,BM19,64,BALLACHLAVEN
3065,BM17,64,BALLACHLAVEN
3066,BM16,64,BALLACHLAVEN
3067,BM15,64,BALLACHLAVEN
3068,BM14,64,BALLACHLAVEN
3069,BM13,64,BALLACHLAVEN
3070,BM12,64,BALLACHLAVEN
3071,BM11,64,BALLACHLAVEN
3072,BM10,64,BALLACHLAVEN
3073,BM1,190,BALLIMARTIN
3074,BH9,63,GARTACHARRA
3075,BH8,63,GARTACHARRA
3076,BH7,63,GARTACHARRA
3077,BH6,107,CONISBY
3078,BH57,35,COULTORSAY FARM
3079,BH56,105,GORTANACHUIRN
3080,BH55,35,COULTORSAY FARM
3081,BH54,35,COULTORSAY FARM
3082,BH53,35,COULTORSAY FARM
3083,BH52,35,COULTORSAY FARM
3084,BH51,63,GARTACHARRA
3085,BH50,63,GARTACHARRA
3086,BH5,107,CONISBY
3087,BH48,63,GARTACHARRA
3088,BH47,63,GARTACHARRA
3089,BH46,63,GARTACHARRA
3090,BH45,105,GORTANACHUIRN
3091,BH44,105,GORTANACHUIRN
3092,BH43,105,GORTANACHUIRN
3093,BH42,105,GORTANACHUIRN
3094,BH41,105,GORTANACHUIRN
3095,BH40,105,GORTANACHUIRN
3096,BH4,33,THE CROFT
3097,BH39,135,BRYBRUAICH
3098,BH38,135,BRYBRUAICH
3099,BH37,135,BRYBRUAICH
3100,BH36,135,BRYBRUAICH
3101,BH35,135,BRYBRUAICH
3102,BH34,135,BRYBRUAICH
3103,BH33,135,BRYBRUAICH
3104,BH32,135,BRYBRUAICH
3105,BH31,35,COULTORSAY FARM
3106,BH30,35,COULTORSAY FARM
3107,BH3,33,THE CROFT
3108,BH29,89,LORGBA
3109,BH28,230,SUPERHOLDING
3110,BH27,63,GARTACHARRA
3111,BH26,63,GARTACHARRA
3112,BH25,135,BRYBRUAICH
3113,BH24,135,BRYBRUAICH
3114,BH23,135,BRYBRUAICH
3115,BH22,63,GARTACHARRA
3116,BH21,63,GARTACHARRA
3117,BH20,35,COULTORSAY FARM
3118,BH2,33,THE CROFT
3119,BH19,35,COULTORSAY FARM
3120,BH18,35,COULTORSAY FARM
3121,BH17,35,COULTORSAY FARM
3122,BH16,35,COULTORSAY FARM
3123,BH15,35,COULTORSAY FARM
3124,BH14,230,SUPERHOLDING
3125,BH13,230,SUPERHOLDING
3126,BH12,63,GARTACHARRA
3127,BH11,63,GARTACHARRA
3128,BH10,63,GARTACHARRA
3129,BE9,27,ISLAY HOME FARM
3130,BE8,228,SUPERHOLDING
3131,BE8,27,ISLAY HOME FARM
3132,BE7,197,CARRABUS & KNOCKDON
3133,BE6,197,CARRABUS & KNOCKDON
3134,BE5,27,ISLAY HOME FARM
3135,BE49,75,BLACKROCK
3136,BE48,75,BLACKROCK
3137,BE47,228,SUPERHOLDING
3138,BE46,228,SUPERHOLDING
3139,BE44,75,BLACKROCK
3140,BE43,75,BLACKROCK
3141,BE42,75,BLACKROCK
3142,BE41,75,BLACKROCK
3143,BE40,75,BLACKROCK
3144,BE4,75,BLACKROCK
3145,BE39,75,BLACKROCK
3146,BE38,228,SUPERHOLDING
3147,BE37,55,CLAGGAN FARM
3148,BE36,55,CLAGGAN FARM
3149,BE35,55,CLAGGAN FARM
3150,BE34,228,SUPERHOLDING
3151,BE33,228,SUPERHOLDING
3152,BE32,228,SUPERHOLDING
3153,BE31,228,SUPERHOLDING
3154,BE30,228,SUPERHOLDING
3155,BE3,75,BLACKROCK
3156,BE29,228,SUPERHOLDING
3157,BE28,27,ISLAY HOME FARM
3158,BE27,27,ISLAY HOME FARM
3159,BE26,27,ISLAY HOME FARM
3160,BE25,27,ISLAY HOME FARM
3161,BE24,27,ISLAY HOME FARM
3162,BE23,27,ISLAY HOME FARM
3163,BE22,27,ISLAY HOME FARM
3164,BE21,27,ISLAY HOME FARM
3165,BE20,27,ISLAY HOME FARM
3166,BE2,75,BLACKROCK
3167,BE19,27,ISLAY HOME FARM
3168,BE18,27,ISLAY HOME FARM
3169,BE17,27,ISLAY HOME FARM
3170,BE16,27,ISLAY HOME FARM
3171,BE15,27,ISLAY HOME FARM
3172,BE14,27,ISLAY HOME FARM
3173,BE13,27,ISLAY HOME FARM
3174,BE12,75,BLACKROCK
3175,BE11,75,BLACKROCK
3176,BE10,75,BLACKROCK
3177,BE1,75,BLACKROCK
3178,BB9,235,BALLINABY NO.1
3179,BB8,56,NO 2 BALLINABY
3180,BB7,56,NO 2 BALLINABY
3181,BB6,235,BALLINABY NO.1
3182,BB5,235,BALLINABY NO.1
3183,BB4,235,BALLINABY NO.1
3184,BB32,229,SUPERHOLDING
3185,BB31,136,GRULINMORE
3186,BB30,136,GRULINMORE
3187,BB3,235,BALLINABY NO.1
3188,BB29,136,GRULINMORE
3189,BB28,136,GRULINMORE
3190,BB27,136,GRULINMORE
3191,BB26,235,BALLINABY NO.1
3192,BB25,235,BALLINABY NO.1
3193,BB24,235,BALLINABY NO.1
3194,BB23,136,GRULINMORE
3195,BB22,136,GRULINMORE
3196,BB21,56,NO 2 BALLINABY
3197,BB20,56,NO 2 BALLINABY
3198,BB2,235,BALLINABY NO.1
3199,BB19,56,NO 2 BALLINABY
3200,BB18,56,NO 2 BALLINABY
3201,BB17,235,BALLINABY NO.1
3202,BB16,235,BALLINABY NO.1
3203,BB15,56,NO 2 BALLINABY
3204,BB14,56,NO 2 BALLINABY
3205,BB13,136,GRULINMORE
3206,BB12,56,NO 2 BALLINABY
3207,BB11,56,NO 2 BALLINABY
3208,BB10,56,NO 2 BALLINABY
3209,BB1,235,BALLINABY NO.1
3210,BA9,230,SUPERHOLDING
3211,BA8,68,CLADVILLE
3212,BA7,230,SUPERHOLDING
3213,BA6,230,SUPERHOLDING
3214,BA5,230,SUPERHOLDING
3215,BA4,230,SUPERHOLDING
3216,BA3,230,SUPERHOLDING
3217,BA2,230,SUPERHOLDING
3218,BA14,230,SUPERHOLDING
3219,BA13,230,SUPERHOLDING
3220,BA12,230,SUPERHOLDING
3221,BA11,230,SUPERHOLDING
3222,BA10,230,SUPERHOLDING
3223,BA1,230,SUPERHOLDING
3224,AV9,59,"AVONVOGIE, CEANNACROIC & KYNGARRY"
3225,AV8,59,"AVONVOGIE, CEANNACROIC & KYNGARRY"
3226,AV7,59,"AVONVOGIE, CEANNACROIC & KYNGARRY"
3227,AV6,59,"AVONVOGIE, CEANNACROIC & KYNGARRY"
3228,AV5,59,"AVONVOGIE, CEANNACROIC & KYNGARRY"
3229,AV4,98,TORRA FARM
3230,AV35,59,"AVONVOGIE, CEANNACROIC & KYNGARRY"
3231,AV34,59,"AVONVOGIE, CEANNACROIC & KYNGARRY"
3232,AV33,59,"AVONVOGIE, CEANNACROIC & KYNGARRY"
3233,AV32,59,"AVONVOGIE, CEANNACROIC & KYNGARRY"
3234,AV31,59,"AVONVOGIE, CEANNACROIC & KYNGARRY"
3235,AV30,59,"AVONVOGIE, CEANNACROIC & KYNGARRY"
3236,AV3,98,TORRA FARM
3237,AV29,59,"AVONVOGIE, CEANNACROIC & KYNGARRY"
3238,AV28,59,"AVONVOGIE, CEANNACROIC & KYNGARRY"
3239,AV27,59,"AVONVOGIE, CEANNACROIC & KYNGARRY"
3240,AV26,59,"AVONVOGIE, CEANNACROIC & KYNGARRY"
3241,AV25,59,"AVONVOGIE, CEANNACROIC & KYNGARRY"
3242,AV24,59,"AVONVOGIE, CEANNACROIC & KYNGARRY"
3243,AV23,59,"AVONVOGIE, CEANNACROIC & KYNGARRY"
3244,AV22,59,"AVONVOGIE, CEANNACROIC & KYNGARRY"
3245,AV21,59,"AVONVOGIE, CEANNACROIC & KYNGARRY"
3246,AV20,59,"AVONVOGIE, CEANNACROIC & KYNGARRY"
3247,AV2,98,TORRA FARM
3248,AV19,59,"AVONVOGIE, CEANNACROIC & KYNGARRY"
3249,AV18,59,"AVONVOGIE, CEANNACROIC & KYNGARRY"
3250,AV16,59,"AVONVOGIE, CEANNACROIC & KYNGARRY"
3251,AV15,59,"AVONVOGIE, CEANNACROIC & KYNGARRY"
3252,AV14,59,"AVONVOGIE, CEANNACROIC & KYNGARRY"
3253,AV12,59,"AVONVOGIE, CEANNACROIC & KYNGARRY"
3254,AV11,59,"AVONVOGIE, CEANNACROIC & KYNGARRY"
3255,AV10,59,"AVONVOGIE, CEANNACROIC & KYNGARRY"
3256,AV1,98,TORRA FARM
3257,AT9,91,ARDTALLA
3258,AT8,91,ARDTALLA
3259,AT6,91,ARDTALLA
3260,AT5,91,ARDTALLA
3261,AT4,91,ARDTALLA
3262,AT3,91,ARDTALLA
3263,AT2,91,ARDTALLA
3264,AT13,91,ARDTALLA
3265,AT12,91,ARDTALLA
3266,AT11,91,ARDTALLA
3267,AT10,91,ARDTALLA
3268,AT1,91,ARDTALLA
3269,AO9,168,SI.AORADH
3270,AO89,168,SI.AORADH
3271,AO88,168,SI.AORADH
3272,AO86,168,SI.AORADH
3273,AO85,168,SI.AORADH
3274,AO84,168,SI.AORADH
3275,AO82,168,SI.AORADH
3276,AO81,168,SI.AORADH
3277,AO8,168,SI.AORADH
3278,AO7,168,SI.AORADH
3279,AO69,168,SI.AORADH
3280,AO68,168,SI.AORADH
3281,AO67,168,SI.AORADH
3282,AO65,168,SI.AORADH
3283,AO64,168,SI.AORADH
3284,AO63,168,SI.AORADH
3285,AO62,168,SI.AORADH
3286,AO61,168,SI.AORADH
3287,AO60,168,SI.AORADH
3288,AO6,168,SI.AORADH
3289,AO56,168,SI.AORADH
3290,AO55,168,SI.AORADH
3291,AO54,168,SI.AORADH
3292,AO53,168,SI.AORADH
3293,AO52,168,SI.AORADH
3294,AO51,168,SI.AORADH
3295,AO50,168,SI.AORADH
3296,AO5,168,SI.AORADH
3297,AO49,168,SI.AORADH
3298,AO48,168,SI.AORADH
3299,AO47,168,SI.AORADH
3300,AO45,168,SI.AORADH
3301,AO44,168,SI.AORADH
3302,AO43,168,SI.AORADH
3303,AO42,168,SI.AORADH
3304,AO41,168,SI.AORADH
3305,AO4,168,SI.AORADH
3306,AO39,168,SI.AORADH
3307,AO38,168,SI.AORADH
3308,AO37,168,SI.AORADH
3309,AO36,168,SI.AORADH
3310,AO35,168,SI.AORADH
3311,AO34,168,SI.AORADH
3312,AO33,168,SI.AORADH
3313,AO32,168,SI.AORADH
3314,AO31,165,MA.AORADH
3315,AO30,168,SI.AORADH
3316,AO3,168,SI.AORADH
3317,AO29,168,SI.AORADH
3318,AO28,168,SI.AORADH
3319,AO27,168,SI.AORADH
3320,AO26,168,SI.AORADH
3321,AO25,168,SI.AORADH
3322,AO24,168,SI.AORADH
3323,AO23,168,SI.AORADH
3324,AO22,168,SI.AORADH
3325,AO21,168,SI.AORADH
3326,AO20,168,SI.AORADH
3327,AO2,168,SI.AORADH
3328,AO19,168,SI.AORADH
3329,AO18,168,SI.AORADH
3330,AO16,168,SI.AORADH
3331,AO15,168,SI.AORADH
3332,AO14,168,SI.AORADH
3333,AO13,168,SI.AORADH
3334,AO12,168,SI.AORADH
3335,AO11,168,SI.AORADH
3336,AO10,168,SI.AORADH
3337,AO1,168,SI.AORADH
3338,AN9,185,"ARDNAVE, KILNAVE & GARREALLABUS"
3339,AN8,185,"ARDNAVE, KILNAVE & GARREALLABUS"
3340,AN7,185,"ARDNAVE, KILNAVE & GARREALLABUS"
3341,AN6,185,"ARDNAVE, KILNAVE & GARREALLABUS"
3342,AN5,185,"ARDNAVE, KILNAVE & GARREALLABUS"
3343,AN41,185,"ARDNAVE, KILNAVE & GARREALLABUS"
3344,AN40,185,"ARDNAVE, KILNAVE & GARREALLABUS"
3345,AN4,185,"ARDNAVE, KILNAVE & GARREALLABUS"
3346,AN39,185,"ARDNAVE, KILNAVE & GARREALLABUS"
3347,AN38,185,"ARDNAVE, KILNAVE & GARREALLABUS"
3348,AN37,185,"ARDNAVE, KILNAVE & GARREALLABUS"
3349,AN36,185,"ARDNAVE, KILNAVE & GARREALLABUS"
3350,AN35,185,"ARDNAVE, KILNAVE & GARREALLABUS"
3351,AN32,185,"ARDNAVE, KILNAVE & GARREALLABUS"
3352,AN31,185,"ARDNAVE, KILNAVE & GARREALLABUS"
3353,AN30,185,"ARDNAVE, KILNAVE & GARREALLABUS"
3354,AN3,185,"ARDNAVE, KILNAVE & GARREALLABUS"
3355,AN29,185,"ARDNAVE, KILNAVE & GARREALLABUS"
3356,AN28,185,"ARDNAVE, KILNAVE & GARREALLABUS"
3357,AN27,185,"ARDNAVE, KILNAVE & GARREALLABUS"
3358,AN26,185,"ARDNAVE, KILNAVE & GARREALLABUS"
3359,AN25,185,"ARDNAVE, KILNAVE & GARREALLABUS"
3360,AN23,185,"ARDNAVE, KILNAVE & GARREALLABUS"
3361,AN22,185,"ARDNAVE, KILNAVE & GARREALLABUS"
3362,AN21,185,"ARDNAVE, KILNAVE & GARREALLABUS"
3363,AN20,185,"ARDNAVE, KILNAVE & GARREALLABUS"
3364,AN2,185,"ARDNAVE, KILNAVE & GARREALLABUS"
3365,AN19,185,"ARDNAVE, KILNAVE & GARREALLABUS"
3366,AN18,185,"ARDNAVE, KILNAVE & GARREALLABUS"
3367,AN17,185,"ARDNAVE, KILNAVE & GARREALLABUS"
3368,AN16,185,"ARDNAVE, KILNAVE & GARREALLABUS"
3369,AN14,185,"ARDNAVE, KILNAVE & GARREALLABUS"
3370,AN12,185,"ARDNAVE, KILNAVE & GARREALLABUS"
3371,AN1,185,"ARDNAVE, KILNAVE & GARREALLABUS"
3372,AL9,155,GARTBREK
3373,AL8,155,GARTBREK
3374,AL7,155,GARTBREK
3375,AL6,155,GARTBREK
3376,AL5,155,GARTBREK
3377,AL4,155,GARTBREK
3378,AL3,155,GARTBREK
3379,AL21,160,LAGGAN
3380,AL20,155,GARTBREK
3381,AL2,155,GARTBREK
3382,AL19,155,GARTBREK
3383,AL18,226,SUPERHOLDING
3384,AL17,226,SUPERHOLDING
3385,AL16,226,SUPERHOLDING
3386,AL15,153,ARDLARACH
3387,AL14,155,GARTBREK
3388,AL13,155,GARTBREK
3389,AL12,155,GARTBREK
3390,AL11,155,GARTBREK
3391,AL10,155,GARTBREK
3392,AL1,155,GARTBREK
3393,AB9,126,CALLUMKILL
3394,AB7,130,ARDBEG & LAGAVULIN FARM
3395,AB6,130,ARDBEG & LAGAVULIN FARM
3396,AB5,130,ARDBEG & LAGAVULIN FARM
3397,AB43,130,ARDBEG & LAGAVULIN FARM
3398,AB42,130,ARDBEG & LAGAVULIN FARM
3399,AB41,172,SUPERHOLDING
3400,AB4,130,ARDBEG & LAGAVULIN FARM
3401,AB39,130,ARDBEG & LAGAVULIN FARM
3402,AB38,130,ARDBEG & LAGAVULIN FARM
3403,AB37,130,ARDBEG & LAGAVULIN FARM
3404,AB36,130,ARDBEG & LAGAVULIN FARM
3405,AB35,126,CALLUMKILL
3406,AB34,126,CALLUMKILL
3407,AB33,130,ARDBEG & LAGAVULIN FARM
3408,AB32,126,CALLUMKILL
3409,AB31,126,CALLUMKILL
3410,AB30,130,ARDBEG & LAGAVULIN FARM
3411,AB3,130,ARDBEG & LAGAVULIN FARM
3412,AB29,130,ARDBEG & LAGAVULIN FARM
3413,AB28,130,ARDBEG & LAGAVULIN FARM
3414,AB2,130,ARDBEG & LAGAVULIN FARM
3415,AB16,113,STRONDHU & ARDIMERSAY
3416,AB15,113,STRONDHU & ARDIMERSAY
3417,AB14,113,STRONDHU & ARDIMERSAY
3418,AB13,130,ARDBEG & LAGAVULIN FARM
3419,AB12,172,SUPERHOLDING
3420,AB11,172,SUPERHOLDING
3421,AB10,91,ARDTALLA
3422,AB1,172,SUPERHOLDING