"","Date_ID","spatial_overlap","Raw_Farm_Name","fix_gps","FIELD_ID","Shoot_ID1","Shoot_ID2","Shoot_ID1_time","Shoot_ID2_time","Shoot_ID1_shots","Shoot_ID2_shots","Shoot_field"
"1","UCOL01_2012-12-28",1,"ballinaby no.1","BB2","BB4",54,NA,2012-12-28 11:35:00,NA,1,NA,"No"
"2","UCOL01_2013-01-03",1,"ballinaby no.1",NA,"BB6",63,NA,2013-01-03 12:35:00,NA,1,NA,"No"
"3","UCOL04_2013-03-07",1,"eorrabus","EO9","EO27",461,NA,2013-03-07 12:20:00,NA,4,NA,"No"
"4","UCOL04_2013-03-12",1,"eorrabus","SC15","EO9",500,NA,2013-03-12 17:30:00,NA,1,NA,"No"
"5","BLO21_2013-11-29",1,NA,"CP1","CP8",721,NA,2013-11-29 13:15:00,NA,1,NA,"No"
"6","BLO20_2014-01-27",1,"sanaigmhor","SG19","SG10",1238,NA,2014-01-27 08:35:00,NA,1,NA,"No"
"7","BLO27_2014-01-28",1,"coille","GG2","GG34",1257,NA,2014-01-28 09:20:00,NA,1,NA,"No"
"8","BLO20_2014-01-28",1,"coille","GG2","GG34",1257,NA,2014-01-28 09:20:00,NA,1,NA,"No"
"9","BLO27_2014-01-28",1,"coille","GG9","GG34",1257,NA,2014-01-28 09:20:00,NA,1,NA,"No"
"10","BLO18_2014-01-28",1,"kilchiaran farm",NA,"KI17",1264,NA,2014-01-28 11:20:00,NA,1,NA,"No"
"11","BLO27_2014-01-31",1,"coille","GG4","GG34",1286,NA,2014-01-31 08:50:00,NA,1,NA,"No"
"12","BLO20_2014-01-31",1,"coille","GG4","GG34",1286,NA,2014-01-31 08:50:00,NA,1,NA,"No"
"13","BLO27_2014-02-03",1,"coille","GG11","GG34",1314,1315,2014-02-03 13:15:00,2014-02-03 13:35:00,1,9,"No"
"14","BLO27_2014-02-03",1,"coille","GG32","GG34",1314,NA,2014-02-03 13:15:00,NA,1,NA,"No"
"15","BLO27_2014-02-04",1,"coille","GG5","GG34",1341,NA,2014-02-04 13:45:00,NA,1,NA,"No"
"16","BLO27_2014-02-04",1,"coille","GG9","GG34",1341,NA,2014-02-04 13:45:00,NA,1,NA,"No"
"17","BLO27_2014-02-05",1,"coille","GG11","GG34",1347,NA,2014-02-05 12:00:00,NA,1,NA,"No"
"18","BLO20_2014-02-05",1,"coille","LK13","GG34",1347,NA,2014-02-05 12:00:00,NA,1,NA,"No"
"19","BLO21_2014-02-05",1,"uiskentuie farm","CP1","CP26",1367,NA,2014-02-05 16:30:00,NA,2,NA,"No"
"20","BLO21_2014-02-05",1,"killinallan, corsapol and craigens","CP1","CP57",1366,1367,2014-02-05 16:05:00,2014-02-05 16:30:00,1,2,"No"
"21","BLO21_2014-02-11",1,"conisby","BH10","BH5",1437,1438,2014-02-11 14:15:00,2014-02-11 14:35:00,1,2,"No"
"22","BLO21_2014-02-11",1,"conisby","BH9","BH5",1440,NA,2014-02-11 16:10:00,NA,1,NA,"No"
"23","BLO21_2014-02-17",1,"the croft","BH3","BH3",1486,NA,2014-02-17 15:35:00,NA,1,NA,"Yes"
"24","BLO19_2014-02-20",1,"kilchiaran farm",NA,"KI16",1514,NA,2014-02-20 15:30:00,NA,2,NA,"No"
"25","BLO27_2014-02-21",1,"coille","GG4","GG34",1519,NA,2014-02-21 13:20:00,NA,1,NA,"No"
"26","BLO27_2014-02-21",1,"coille","GG34","GG34",1519,NA,2014-02-21 13:20:00,NA,1,NA,"Yes"
"27","BLO23_2014-02-21",1,"coille","GG51","GG34",1519,NA,2014-02-21 13:20:00,NA,1,NA,"No"
"28","BLO19_2014-02-21",1,"kilchiaran farm","KI5","KI17",1524,NA,2014-02-21 15:10:00,NA,1,NA,"No"
"29","BLO20_2014-03-07",1,"coille","GG3","GG34",1657,NA,2014-03-07 11:15:00,NA,1,NA,"No"
"30","BLO27_2014-03-07",1,"coille","GG3","GG34",1657,NA,2014-03-07 11:15:00,NA,1,NA,"No"
"31","BLO20_2014-03-10",1,"ballinaby no.2","GG34","LK8",1700,NA,2014-03-10 12:15:00,NA,1,NA,"No"
"32","BLO19_2014-03-10",1,"kilchiaran farm","KI8","KI16",1707,NA,2014-03-10 16:25:00,NA,1,NA,"No"
"33","BLO27_2014-03-11",1,"coille","GG3","GG34",1711,NA,2014-03-11 11:55:00,NA,1,NA,"No"
"34","BLO20_2014-03-11",1,"coille","GG3","GG34",1711,NA,2014-03-11 11:55:00,NA,1,NA,"No"
"35","BLO27_2014-03-11",1,"coille","GG4","GG34",1711,NA,2014-03-11 11:55:00,NA,1,NA,"No"
"36","BLO27_2014-03-15",1,"coille","GG43","GG4",1765,NA,2014-03-15 08:30:00,NA,3,NA,"No"
"37","BLO20_2014-03-15",1,"coille","GG45","GG4",1765,NA,2014-03-15 08:30:00,NA,3,NA,"No"
"38","BLO27_2014-03-15",1,"coille","GG45","GG4",1770,NA,2014-03-15 15:00:00,NA,3,NA,"No"
"39","BLO23_2014-03-15",1,"coille","GG3","GG4",1770,NA,2014-03-15 15:00:00,NA,3,NA,"No"
"40","BLO18_2014-03-17",1,"kilchiaran farm","KI5","KI16",1773,NA,2014-03-17 12:10:00,NA,2,NA,"No"
"41","BLO20_2014-03-20",1,"coille","GG6","GG34",1787,NA,2014-03-20 11:20:00,NA,1,NA,"No"
"42","BLO27_2014-03-20",1,"coille","GG6","GG34",1787,NA,2014-03-20 11:20:00,NA,1,NA,"No"
"43","BLO20_2014-03-20",1,"coille","GG4","GG34",1787,NA,2014-03-20 11:20:00,NA,1,NA,"No"
"44","BLO27_2014-03-20",1,"coille","GG4","GG34",1787,NA,2014-03-20 11:20:00,NA,1,NA,"No"
"45","BLO19_2014-03-24",1,"kilchiaran farm","KI17","KI16",1847,NA,2014-03-24 16:50:00,NA,1,NA,"No"
"46","BLO22_2014-03-27",1,"kilchiaran farm","KI11","KI16",1894,NA,2014-03-27 10:20:00,NA,1,NA,"No"
"47","BLO18_2014-03-27",1,"kilchiaran farm","KI10","KI16",1894,NA,2014-03-27 10:20:00,NA,1,NA,"No"
"48","BLO22_2014-03-27",1,"kilchiaran farm","KI8","KI16",1894,NA,2014-03-27 10:20:00,NA,1,NA,"No"
"49","BLO27_2014-03-28",1,"coille","GG34","GG34",1917,NA,2014-03-28 14:00:00,NA,1,NA,"Yes"
"50","BLO22_2014-03-29",1,"kilchiaran farm","KI21","KI16",1922,NA,2014-03-29 12:45:00,NA,4,NA,"No"
"51","BLO18_2014-03-29",1,"kilchiaran farm","KI23","KI16",1922,NA,2014-03-29 12:45:00,NA,4,NA,"No"
"52","BLO21_2014-03-29",1,"kilchiaran farm","KI17","KI16",1922,NA,2014-03-29 12:45:00,NA,4,NA,"No"
"53","BLO18_2014-03-31",1,"kilchiaran farm","KI3","KI16",1928,NA,2014-03-31 10:45:00,NA,4,NA,"No"
"54","BLO22_2014-03-31",1,"kilchiaran farm","KI24","KI16",1928,NA,2014-03-31 10:45:00,NA,4,NA,"No"
"55","BLO22_2014-03-31",1,"kilchiaran farm","KI17","KI16",1928,NA,2014-03-31 10:45:00,NA,4,NA,"No"
"56","BLO27_2014-11-06",1,"2 ballinaby","LK11","LK15",1960,NA,2014-11-06 09:40:00,NA,1,NA,"No"
"57","BLO27_2014-11-07",1,"2 ballinaby","LK11","LK15",1966,NA,2014-11-07 10:25:00,NA,1,NA,"No"
"58","BLO27_2014-11-13",1,"2 ballinaby","LK11","LK15",1999,NA,2014-11-13 10:15:00,NA,3,NA,"No"
"59","BLO27_2014-11-13",1,"2 ballinaby","LK7","LK15",1999,NA,2014-11-13 10:15:00,NA,3,NA,"No"
"60","BLO27_2014-11-17",1,"2 ballinaby","LK8","LK15",2017,NA,2014-11-17 12:40:00,NA,1,NA,"No"
"61","BLO27_2014-11-17",1,"2 ballinaby","LK7","LK15",2017,NA,2014-11-17 12:40:00,NA,1,NA,"No"
"62","BLO27_2014-11-20",1,"2 ballinaby","LK7","LK15",2023,NA,2014-11-20 10:35:00,NA,1,NA,"No"
"63","BLO27_2014-11-20",1,"2 ballinaby","LK4","LK15",2023,NA,2014-11-20 10:35:00,NA,1,NA,"No"
"64","BLO27_2014-11-24",1,"coille","LK11","GG34",2053,NA,2014-11-24 14:40:00,NA,1,NA,"No"
"65","BLO28_2014-11-26",1,"cornabus","BV12","BV14",2067,NA,2014-11-26 16:05:00,NA,1,NA,"No"
"66","HAR08_2014-11-26",1,"cornabus","BV12","BV14",2067,NA,2014-11-26 16:05:00,NA,1,NA,"No"
"67","HAR01.1_2014-11-26",1,"cornabus","BV12","BV14",2067,NA,2014-11-26 16:05:00,NA,1,NA,"No"
"68","BLO28_2014-12-02",1,"cornabus","BV12","BV14",2104,NA,2014-12-02 11:30:00,NA,3,NA,"No"
"69","HAR08_2014-12-02",1,"cornabus","BV12","BV14",2104,NA,2014-12-02 11:30:00,NA,3,NA,"No"
"70","UCOL20.2_2014-12-02",1,"cornabus","BV32","BV14",2104,NA,2014-12-02 11:30:00,NA,3,NA,"No"
"71","UCOL24_2014-12-02",1,"cornabus","BV32","BV14",2104,NA,2014-12-02 11:30:00,NA,3,NA,"No"
"72","BLO28_2014-12-02",1,"cornabus","BV10","BV14",2104,NA,2014-12-02 11:30:00,NA,3,NA,"No"
"73","BLO27_2014-12-05",1,"2 ballinaby","LK30","LK15",2114,NA,2014-12-05 09:10:00,NA,3,NA,"No"
"74","BLO27_2014-12-05",1,"2 ballinaby","LK7","LK15",2114,NA,2014-12-05 09:10:00,NA,3,NA,"No"
"75","BLO28_2014-12-06",1,"cornabus","BV32","BV14",2117,NA,2014-12-06 09:40:00,NA,1,NA,"No"
"76","BLO27_2014-12-10",1,"coille","LK11","GG34",2134,NA,2014-12-10 15:10:00,NA,1,NA,"No"
"77","BLO27_2014-12-15",1,"2 ballinaby","LK11","LK15",2170,NA,2014-12-15 12:35:00,NA,1,NA,"No"
"78","BLO21_2014-12-15",1,"sunderland","SU2","SU3",2172,NA,2014-12-15 14:10:00,NA,3,NA,"No"
"79","BLO21_2014-12-15",1,"sunderland","SU9","SU3",2172,NA,2014-12-15 14:10:00,NA,3,NA,"No"
"80","BLO27_2014-12-19",1,"2 ballinaby","LK7","LK15",2195,NA,2014-12-19 11:45:00,NA,4,NA,"No"
"81","BLO27_2014-12-19",1,"2 ballinaby","GG51","LK15",2195,NA,2014-12-19 11:45:00,NA,4,NA,"No"
"82","BLO27_2014-12-20",1,"coille","LK11","GG34",2206,NA,2014-12-20 09:35:00,NA,1,NA,"No"
"83","BLO27_2014-12-20",1,"coille","GG49","GG34",2206,NA,2014-12-20 09:35:00,NA,1,NA,"No"
"84","BLO27_2014-12-20",1,"2 ballinaby","GG4","LK15",2214,NA,2014-12-20 14:50:00,NA,1,NA,"No"
"85","UCOL25_2014-12-23",1,"gartbreck","CT10","AL1",2240,NA,2014-12-23 11:25:00,NA,1,NA,"No"
"86","UCOL24_2014-12-29",1,"cornabus","BV12","BV15",2292,NA,2014-12-29 14:20:00,NA,1,NA,"No"
"87","UCOL20.2_2014-12-29",1,"cornabus","BV11","BV15",2292,NA,2014-12-29 14:20:00,NA,1,NA,"No"
"88","BLO27_2014-12-30",1,"coille","LK13","GG34",2295,NA,2014-12-30 09:25:00,NA,1,NA,"No"
"89","BLO27_2014-12-30",1,"coille","GG11","GG34",2295,NA,2014-12-30 09:25:00,NA,1,NA,"No"
"90","HAR08_2014-12-30",1,"cornabus","BV11","BV15",2294,NA,2014-12-30 13:25:00,NA,1,NA,"No"
"91","UCOL24_2014-12-30",1,"cornabus","BV11","BV15",2294,NA,2014-12-30 13:25:00,NA,1,NA,"No"
"92","UCOL20.2_2014-12-31",1,"cornabus","BV32","BV15",2302,NA,2014-12-31 09:55:00,NA,1,NA,"No"
"93","BLO28_2014-12-31",1,"cornabus","BV12","BV15",2302,NA,2014-12-31 09:55:00,NA,1,NA,"No"
"94","UCOL20.2_2015-01-03",1,"cornabus","BV12","BV15",2311,NA,2015-01-03 09:40:00,NA,3,NA,"No"
"95","BLO27_2015-01-07",1,"2 ballinaby","LK13","LK15",2337,NA,2015-01-07 08:30:00,NA,1,NA,"No"
"96","BLO27_2015-01-08",1,"2 ballinaby","GG6","LK15",2346,NA,2015-01-08 14:50:00,NA,3,NA,"No"
"97","BLO27_2015-01-15",1,"coille","LK7","GG34",2390,NA,2015-01-15 14:50:00,NA,1,NA,"No"
"98","BLO27_2015-01-16",1,"1 ballinaby","BB5","BB3",2404,NA,2015-01-16 08:50:00,NA,1,NA,"No"
"99","BLO27_2015-01-16",1,"1 ballinaby","BB2","BB3",2404,NA,2015-01-16 08:50:00,NA,1,NA,"No"
"100","BLO27_2015-01-16",1,"1 ballinaby","BB17","BB3",2415,NA,2015-01-16 16:35:00,NA,2,NA,"No"
"101","BLO27_2015-01-17",1,"2 ballinaby","LK11","LK15",2420,NA,2015-01-17 08:45:00,NA,1,NA,"No"
"102","BLO27_2015-01-17",1,"2 ballinaby","LK13","BB11",2422,NA,2015-01-17 10:15:00,NA,1,NA,"No"
"103","BLO28_2015-01-19",1,"cornabus","BV32","BV15",2443,NA,2015-01-19 11:55:00,NA,2,NA,"No"
"104","BLO27_2015-01-20",1,"2 ballinaby","LK13","LK15",2474,NA,2015-01-20 13:40:00,NA,3,NA,"No"
"105","BLO27_2015-01-21",1,"2 ballinaby","LK11","LK15",2479,NA,2015-01-21 08:15:00,NA,1,NA,"No"
"106","UCOL25_2015-01-21",1,"bowmore holdings","CT18","CR12",2490,NA,2015-01-21 12:30:00,NA,3,NA,"No"
"107","BLO27_2015-01-21",1,"2 ballinaby","LK7","BB12",2491,NA,2015-01-21 13:30:00,NA,2,NA,"No"
"108","BLO27_2015-01-23",1,"2 ballinaby","LK11","LK15",2544,NA,2015-01-23 12:25:00,NA,5,NA,"No"
"109","BLO27_2015-01-23",1,"2 ballinaby","LK11","BB8",2542,2544,2015-01-23 12:10:00,2015-01-23 12:25:00,1,5,"No"
"110","BLO27_2015-01-31",1,"2 ballinaby","LK12","LK15",2612,NA,2015-01-31 09:30:00,NA,1,NA,"No"
"111","BLO28_2015-02-02",1,"cornabus","BV32","BV15",2625,NA,2015-02-02 11:10:00,NA,2,NA,"No"
"112","UCOL24_2015-02-02",1,"cornabus","BV32","BV15",2625,NA,2015-02-02 11:10:00,NA,2,NA,"No"
"113","UCOL20.2_2015-02-02",1,"cornabus","BV32","BV15",2625,NA,2015-02-02 11:10:00,NA,2,NA,"No"
"114","UCOL23_2015-02-02",1,"cornabus","BV32","BV15",2625,NA,2015-02-02 11:10:00,NA,2,NA,"No"
"115","HAR04_2015-02-02",1,"eorrabus","EO7","EO10",2630,NA,2015-02-02 13:55:00,NA,3,NA,"No"
"116","HAR03_2015-02-02",1,"eorrabus","EO7","EO10",2630,NA,2015-02-02 13:55:00,NA,3,NA,"No"
"117","HAR04_2015-02-02",1,"eorrabus","EO4","EO10",2630,NA,2015-02-02 13:55:00,NA,3,NA,"No"
"118","BLO27_2015-02-03",1,"coille","LK13","GG34",2659,NA,2015-02-03 13:30:00,NA,1,NA,"No"
"119","BLO27_2015-02-04",1,"coille","GG12","GG34",2668,NA,2015-02-04 08:35:00,NA,1,NA,"No"
"120","BLO27_2015-02-06",1,"coille","GG49","GG34",2705,NA,2015-02-06 16:15:00,NA,1,NA,"No"
"121","BLO27_2015-02-10",1,"2 ballinaby","LK29","BB12",2726,NA,2015-02-10 13:50:00,NA,2,NA,"No"
"122","BLO09_2015-02-11",1,"gartacharra","CS1","BH11",2739,NA,2015-02-11 17:05:00,NA,3,NA,"No"
"123","BLO09_2015-02-11",1,"gartacharra","BH40","BH11",2739,NA,2015-02-11 17:05:00,NA,3,NA,"No"
"124","BLO27_2015-02-13",1,"2 ballinaby","GG34","LK15",2758,NA,2015-02-13 09:10:00,NA,1,NA,"No"
"125","BLO09_2015-02-13",1,"gartacharra","BH41","BH11",2766,NA,2015-02-13 15:30:00,NA,1,NA,"No"
"126","BLO28_2015-02-14",1,"cornabus","BV32","BV14",2771,NA,2015-02-14 10:00:00,NA,3,NA,"No"
"127","BLO27_2015-02-14",1,"2 ballinaby","GG41","LK15",2778,NA,2015-02-14 15:30:00,NA,3,NA,"No"
"128","HAR07_2015-02-16",1,"conisby","BH5","CS16",2785,NA,2015-02-16 10:00:00,NA,1,NA,"No"
"129","BLO21_2015-02-16",1,"sunderland","SU3","SU3",2787,NA,2015-02-16 12:20:00,NA,1,NA,"Yes"
"130","BLO09_2015-02-17",1,"gartacharra","BH3","BH11",2800,NA,2015-02-17 14:00:00,NA,1,NA,"No"
"131","HAR05_2015-02-17",1,"gartacharra","BH7","BH11",2800,NA,2015-02-17 14:00:00,NA,1,NA,"No"
"132","BLO09_2015-02-17",1,"gartacharra","BH6","BH11",2800,NA,2015-02-17 14:00:00,NA,1,NA,"No"
"133","BLO27_2015-02-18",1,"2 ballinaby","GG43","LK15",2810,NA,2015-02-18 14:10:00,NA,3,NA,"No"
"134","HAR04_2015-02-18",1,"eorrabus","SC21","EO10",2802,NA,2015-02-18 14:45:00,NA,6,NA,"No"
"135","BLO27_2015-02-18",1,"2 ballinaby","GG6","LK15",2810,NA,2015-02-18 14:10:00,NA,3,NA,"No"
"136","HAR04_2015-02-18",1,"eorrabus","EO7","EO10",2802,NA,2015-02-18 14:45:00,NA,6,NA,"No"
"137","HAR03_2015-02-18",1,"eorrabus","EO4","EO10",2802,NA,2015-02-18 14:45:00,NA,6,NA,"No"
"138","HAR04_2015-02-20",1,"eorrabus","EO8","EO32",2827,NA,2015-02-20 16:20:00,NA,3,NA,"No"
"139","HAR03_2015-02-20",1,"eorrabus","SC2","EO32",2827,NA,2015-02-20 16:20:00,NA,3,NA,"No"
"140","HAR03_2015-02-23",1,"scarrabus","SC21","SC4",2841,2842,2015-02-23 10:05:00,2015-02-23 10:20:00,1,4,"No"
"141","HAR03_2015-02-23",1,"eorrabus","SC9","EO10",2842,NA,2015-02-23 10:20:00,NA,4,NA,"No"
"142","BLO27_2015-02-25",1,"coille","GG32","GG34",2859,NA,2015-02-25 10:05:00,NA,1,NA,"No"
"143","HAR03_2015-02-26",1,"ballimartin","EO23","EO28",2881,NA,2015-02-26 10:30:00,NA,2,NA,"No"
"144","BLO27_2015-02-27",1,"coille","GG44","GG34",2886,NA,2015-02-27 09:30:00,NA,1,NA,"No"
"145","BLO27_2015-02-27",1,"coille","GG32","GG34",2886,NA,2015-02-27 09:30:00,NA,1,NA,"No"
"146","BLO09_2015-02-27",1,"the croft","BH7","CS1",2888,NA,2015-02-27 13:20:00,NA,2,NA,"No"
"147","HAR07_2015-02-27",1,"the croft","BH7","CS1",2888,NA,2015-02-27 13:20:00,NA,2,NA,"No"
"148","HAR05_2015-02-27",1,"the croft","BH7","CS1",2888,NA,2015-02-27 13:20:00,NA,2,NA,"No"
"149","BLO09_2015-02-27",1,"the croft",NA,"CS1",2888,NA,2015-02-27 13:20:00,NA,2,NA,"No"
"150","HAR04_2015-02-27",1,"eorrabus","EO15","EO32",2900,NA,2015-02-27 15:45:00,NA,6,NA,"No"
"151","BLO27_2015-02-28",1,"2 ballinaby","LK11","BB12",2908,NA,2015-02-28 17:15:00,NA,1,NA,"No"
"152","HAR03_2015-03-03",1,"ballimartin","EO25","EO29",2914,NA,2015-03-03 14:15:00,NA,1,NA,"No"
"153","BLO09_2015-03-03",1,"the croft","BH3","CS1",2918,NA,2015-03-03 16:25:00,NA,1,NA,"No"
"154","BLO09_2015-03-03",1,"the croft","CS1","CS1",2918,NA,2015-03-03 16:25:00,NA,1,NA,"Yes"
"155","HAR04_2015-03-04",1,"eorrabus","EO36","EO10",2929,NA,2015-03-04 14:30:00,NA,3,NA,"No"
"156","HAR04_2015-03-04",1,"eorrabus","EO2","EO10",2929,NA,2015-03-04 14:30:00,NA,3,NA,"No"
"157","BLO27_2015-03-04",1,"2 ballinaby","GG3","LK15",2926,NA,2015-03-04 16:25:00,NA,1,NA,"No"
"158","BLO27_2015-03-04",1,"2 ballinaby","GG41","LK15",2926,NA,2015-03-04 16:25:00,NA,1,NA,"No"
"159","BLO27_2015-03-06",1,"2 ballinaby","LK13","LK15",2954,NA,2015-03-06 08:45:00,NA,2,NA,"No"
"160","UCOL25_2015-03-07",1,"island farm","RM17","RM4",2972,NA,2015-03-07 12:05:00,NA,3,NA,"No"
"161","BLO27_2015-03-09",1,"coille","GG6","GG34",2976,NA,2015-03-09 12:15:00,NA,1,NA,"No"
"162","BLO27_2015-03-09",1,"coille","GG6","GG34",2976,2977,2015-03-09 12:15:00,2015-03-09 13:40:00,1,2,"No"
"163","BLO27_2015-03-09",1,"2 ballinaby","GG6","LK15",2977,NA,2015-03-09 13:40:00,NA,2,NA,"No"
"164","BLO09_2015-03-09",1,"gartacharra",NA,"BH12",2979,NA,2015-03-09 15:15:00,NA,3,NA,"No"
"165","BLO09_2015-03-09",1,"gartacharra","BH4","BH12",2979,NA,2015-03-09 15:15:00,NA,3,NA,"No"
"166","BLO27_2015-03-11",1,"coille","LK13","GG34",2988,NA,2015-03-11 08:45:00,NA,1,NA,"No"
"167","BLO27_2015-03-11",1,"2 ballinaby","GG4","LK15",2995,NA,2015-03-11 15:35:00,NA,1,NA,"No"
"168","BLO27_2015-03-11",1,"2 ballinaby","GG3","LK15",2995,NA,2015-03-11 15:35:00,NA,1,NA,"No"
"169","BLO09_2015-03-11",1,"gartacharra","BH3","BH11",2996,NA,2015-03-11 16:25:00,NA,3,NA,"No"
"170","BLO27_2015-03-12",1,"coille","LK13","GG34",3002,NA,2015-03-12 09:00:00,NA,1,NA,"No"
"171","BLO27_2015-03-12",1,"coille","LK11","GG34",3002,NA,2015-03-12 09:00:00,NA,1,NA,"No"
"172","BLO09_2015-03-12",1,"the croft","BH3","CS1",3010,NA,2015-03-12 14:40:00,NA,1,NA,"No"
"173","BLO09_2015-03-12",1,"the croft","BH5","CS1",3010,3011,2015-03-12 14:40:00,2015-03-12 15:15:00,1,3,"No"
"174","HAR04_2015-03-12",1,"eorrabus","SC15","EO32",3000,NA,2015-03-12 16:10:00,NA,2,NA,"No"
"175","HAR03_2015-03-12",1,"eorrabus","SC21","EO32",3000,NA,2015-03-12 16:10:00,NA,2,NA,"No"
"176","HAR04_2015-03-12",1,"eorrabus","SC2","EO32",3000,NA,2015-03-12 16:10:00,NA,2,NA,"No"
"177","HAR03_2015-03-13",1,"eorrabus","EO4","EO10",3020,NA,2015-03-13 16:10:00,NA,2,NA,"No"
"178","HAR04_2015-03-13",1,"eorrabus","EO7","EO10",3020,NA,2015-03-13 16:10:00,NA,2,NA,"No"
"179","BLO09_2015-03-13",1,"the croft","BH6","CS1",3026,NA,2015-03-13 16:20:00,NA,2,NA,"No"
"180","HAR03_2015-03-13",1,"eorrabus","EO34","EO10",3020,NA,2015-03-13 16:10:00,NA,2,NA,"No"
"181","BLO09_2015-03-13",1,"the croft","BH3","CS1",3026,NA,2015-03-13 16:20:00,NA,2,NA,"No"
"182","BLO27_2015-03-16",1,"coille","GG41","GG34",3042,NA,2015-03-16 16:30:00,NA,1,NA,"No"
"183","BLO27_2015-03-19",1,"2 ballinaby","GG34","LK15",3063,NA,2015-03-19 08:45:00,NA,1,NA,"No"
"184","HAR03_2015-03-19",1,"scarrabus","SC2","SC4",3064,NA,2015-03-19 09:45:00,NA,3,NA,"No"
"185","BLO09_2015-03-19",1,"coultorsay","BH7","BH15",3056,NA,2015-03-19 10:55:00,NA,1,NA,"No"
"186","HAR05_2015-03-19",1,"coultorsay","BH3","BH15",3056,NA,2015-03-19 10:55:00,NA,1,NA,"No"
"187","HAR07_2015-03-19",1,"coultorsay","BH11","BH15",3056,NA,2015-03-19 10:55:00,NA,1,NA,"No"
"188","BLO09_2015-03-19",1,"coultorsay","BH6","BH15",3056,NA,2015-03-19 10:55:00,NA,1,NA,"No"
"189","HAR05_2015-03-19",1,"coultorsay","BH6","BH15",3056,NA,2015-03-19 10:55:00,NA,1,NA,"No"
"190","BLO27_2015-03-20",1,"2 ballinaby","GG34","LK15",3080,NA,2015-03-20 09:30:00,NA,1,NA,"No"
"191","HAR03_2015-03-20",1,"scarrabus","EO20","SC4",3081,NA,2015-03-20 10:26:00,NA,3,NA,"No"
"192","BLO09_2015-03-21",1,"the croft","BH3","CS1",3090,NA,2015-03-21 11:20:00,NA,1,NA,"No"
"193","HAR07_2015-03-21",1,"the croft","BH56","CS1",3090,NA,2015-03-21 11:20:00,NA,1,NA,"No"
"194","HAR05_2015-03-21",1,"the croft","CS1","CS1",3090,NA,2015-03-21 11:20:00,NA,1,NA,"Yes"
"195","BLO19_2015-03-21",1,"kilchiaran","KI8","KI2",3091,NA,2015-03-21 11:45:00,NA,1,NA,"No"
"196","BLO22_2015-03-21",1,"kilchiaran",NA,"KI2",3091,NA,2015-03-21 11:45:00,NA,1,NA,"No"
"197","BLO09_2015-03-21",1,"the croft","BH6","CS1",3090,NA,2015-03-21 11:20:00,NA,1,NA,"No"
"198","HAR03_2015-03-21",1,"eorrabus","SC3","EO10",3099,NA,2015-03-21 13:10:00,NA,3,NA,"No"
"199","HAR05_2015-03-21",1,"the croft","BH6","CS1",3090,NA,2015-03-21 11:20:00,NA,1,NA,"No"
"200","HAR03_2015-03-21",1,"eorrabus","SC21","EO10",3099,NA,2015-03-21 13:10:00,NA,3,NA,"No"
"201","BLO27_2015-03-21",1,"coille","GG34","GG34",3095,NA,2015-03-21 15:00:00,NA,2,NA,"Yes"
"202","HAR08_2015-03-24",1,"cornabus","BV32","BV15",3117,NA,2015-03-24 13:20:00,NA,1,NA,"No"
"203","BLO27_2015-03-26",1,"2 ballinaby","GG3","LK15",3142,NA,2015-03-26 10:20:00,NA,3,NA,"No"
"204","BLO27_2015-03-26",1,"2 ballinaby","GG3","LK15",3142,3145,2015-03-26 10:20:00,2015-03-26 12:00:00,3,1,"No"
"205","BLO27_2015-03-26",1,"coille","GG45","GG34",3145,NA,2015-03-26 12:00:00,NA,1,NA,"No"
"206","BLO09_2015-03-26",1,"conisby","BH4","CS16",3150,NA,2015-03-26 15:40:00,NA,3,NA,"No"
"207","BLO09_2015-03-27",1,"gartacharra","BH5","BH11",3160,NA,2015-03-27 09:40:00,NA,3,NA,"No"
"208","BLO09_2015-03-27",1,"gartacharra","BH3","BH11",3160,NA,2015-03-27 09:40:00,NA,3,NA,"No"
"209","UCOL20.2_2015-03-27",1,"cornabus","BV12","BV15",3155,NA,2015-03-27 10:30:00,NA,2,NA,"No"
"210","UCOL24_2015-03-27",1,"cornabus","BV12","BV15",3155,NA,2015-03-27 10:30:00,NA,2,NA,"No"
"211","HAR04_2015-03-27",1,"esknish","EO26","EK13",3158,NA,2015-03-27 13:40:00,NA,2,NA,"No"
"212","BLO09_2015-03-27",1,"coultorsay","BH53","BH15",3164,NA,2015-03-27 13:20:00,NA,2,NA,"No"
"213","HAR03_2015-03-27",1,"esknish","EO25","EK13",3158,NA,2015-03-27 13:40:00,NA,2,NA,"No"
"214","HAR04_2015-03-27",1,"esknish","EO25","EK13",3158,NA,2015-03-27 13:40:00,NA,2,NA,"No"
"215","BLO09_2015-03-27",1,"coultorsay","BH48","BH15",3164,NA,2015-03-27 13:20:00,NA,2,NA,"No"
"216","BLO27_2015-03-27",1,"coille","GG6","GG34",3167,NA,2015-03-27 16:40:00,NA,1,NA,"No"
"217","UCOL25_2015-03-28",1,"island farm","CT7","RM5",3169,NA,2015-03-28 09:45:00,NA,1,NA,"No"
"218","UCOL25_2015-03-28",1,"island farm","RM17","RM5",3169,NA,2015-03-28 09:45:00,NA,1,NA,"No"
"219","HAR04_2015-03-28",1,"esknish","EO5","EK7",3178,NA,2015-03-28 16:30:00,NA,1,NA,"No"
"220","HAR03_2015-03-28",1,"ballimartin","EO25","EO28",3177,3178,2015-03-28 16:25:00,2015-03-28 16:30:00,1,1,"No"
"221","HAR04_2015-03-30",1,"ballimartin","EO25","EO28",3182,NA,2015-03-30 11:05:00,NA,1,NA,"No"
"222","HAR03_2015-03-30",1,"ballimartin","EO5","EO28",3182,NA,2015-03-30 11:05:00,NA,1,NA,"No"
"223","HAR04_2015-03-30",1,"ballimartin","EO36","EO28",3182,NA,2015-03-30 11:05:00,NA,1,NA,"No"
"224","BLO27_2015-03-30",1,"coille","GG6","GG34",3188,NA,2015-03-30 15:45:00,NA,1,NA,"No"
"225","BLO27_2015-03-30",1,"coille","GG34","GG34",3188,NA,2015-03-30 15:45:00,NA,1,NA,"Yes"
"226","BLO09_2015-03-31",1,"gartacharra","BH3","BH12",3190,NA,2015-03-31 10:20:00,NA,2,NA,"No"
"227","HAR04_2015-03-31",1,"eorrabus","EO9","EO10",3189,NA,2015-03-31 12:00:00,NA,1,NA,"No"
"228","HAR03_2015-03-31",1,"eorrabus","EO25","EO10",3189,NA,2015-03-31 12:00:00,NA,1,NA,"No"
"229","HAR04_2015-03-31",1,"eorrabus","EO7","EO10",3189,NA,2015-03-31 12:00:00,NA,1,NA,"No"
"230","HAR03_2015-11-06",1,"eorrabus","EO15","EO32",3221,NA,2015-11-06 10:00:00,NA,3,NA,"No"
"231","HAR03_2015-11-16",1,"eorrabus","EO15","EO32",3337,NA,2015-11-16 09:45:00,NA,14,NA,"No"
"232","HAR03_2015-11-16",1,"eorrabus","EO10","EO32",3337,NA,2015-11-16 09:45:00,NA,14,NA,"No"
"233","HAR03_2015-11-16",1,"eorrabus","EO15","EO19",3343,NA,2015-11-16 16:30:00,NA,4,NA,"No"
"234","HAR03_2015-11-19",1,"eorrabus","SC14","EO32",3344,NA,2015-11-19 10:25:00,NA,14,NA,"No"
"235","HAR03_2015-11-19",1,"eorrabus","EO15","EO32",3344,NA,2015-11-19 10:25:00,NA,14,NA,"No"
"236","BLO19_2015-11-19",1,"octomore","OM2","PC14",3362,NA,2015-11-19 12:20:00,NA,3,NA,"No"
"237","HAR03_2015-11-19",1,"eorrabus","EO15","EO32",3353,NA,2015-11-19 16:15:00,NA,20,NA,"No"
"238","HAR03_2015-11-20",1,"eorrabus","EO15","EO19",3366,NA,2015-11-20 10:10:00,NA,8,NA,"No"
"239","HAR03_2015-11-24",1,"eorrabus","EO15","EO19",3429,NA,2015-11-24 09:45:00,NA,2,NA,"No"
"240","HAR03_2015-11-24",1,"eorrabus","EO12","EO19",3429,NA,2015-11-24 09:45:00,NA,2,NA,"No"
"241","BLO19_2015-11-27",1,"octomore","OM2","OM19",3463,NA,2015-11-27 14:00:00,NA,4,NA,"No"
"242","BLO29_2015-12-17",1,"ronnachmore","CR13","CT6",3626,NA,2015-12-17 15:30:00,NA,2,NA,"No"
"243","BLO29_2016-02-01",1,"tallant","CR6","BW20",3982,NA,2016-02-01 12:00:00,NA,7,NA,"No"
"244","BLO29_2016-02-06",1,"island farm","CR23","CR9",4035,NA,2016-02-06 09:35:00,NA,3,NA,"No"
"245","BLO19_2016-02-29",1,"ballinaby","KI5","KI8",4235,NA,2016-02-29 14:30:00,NA,2,NA,"No"
"246","BLO29_2016-03-12",1,"island farm","CR10","CR9",4351,NA,2016-03-12 09:00:00,NA,3,NA,"No"
"247","BLO29_2016-03-18",1,"island farm","BW15","BW7",4399,NA,2016-03-18 12:50:00,NA,3,NA,"No"
"248","BLO19_2016-11-03",1,"cornabus","PC13",NA,4517,4519,2016-11-03 13:00:00,2016-11-03 14:15:00,1,1,"No"
"249","BLO19_2016-11-03",1,"tallant","PC15",NA,4519,NA,2016-11-03 14:15:00,NA,1,NA,"No"
"250","BLO19_2016-11-04",1,"cladville","PC14",NA,4523,NA,2016-11-04 13:50:00,NA,1,NA,"No"
"251","HAR27_2016-11-08",1,"laggan","LN32","LN32",4541,NA,2016-11-08 09:40:00,NA,2,NA,"Yes"
"252","HAR27_2016-11-10",1,"laggan","LN3","LN4",4562,NA,2016-11-10 10:20:00,NA,3,NA,"No"
"253","HAR02_2016-11-17",1,"home farm","OV5","OV9",4597,NA,2016-11-17 10:35:00,NA,2,NA,"No"
"254","HAR02_2016-11-17",1,"home farm","OV4","OV9",4597,NA,2016-11-17 10:35:00,NA,2,NA,"No"
"255","BLO19_2016-11-17",1,"ballinaby","PC15",NA,4605,NA,2016-11-17 14:45:00,NA,1,NA,"No"
"256","UCOL20.2_2016-11-29",1,"cornabus","BV32","BV14",4694,NA,2016-11-29 12:15:00,NA,1,NA,"No"
"257","HAR02_2017-01-31",1,"home farm","OV5","BE28",5121,NA,2017-01-31 12:05:00,NA,1,NA,"No"
"258","UCOL20.2_2017-02-10",1,"cornabus","BV32","BV13",5189,NA,2017-02-10 12:45:00,NA,5,NA,"No"
"259","WHIT15_2017-03-01",1,"ballinaby","LK6","LK6",5314,NA,2017-03-01 10:00:00,NA,8,NA,"Yes"
"260","WHIT09_2017-03-01",1,"cornabus","BV13","BV13",5317,5318,2017-03-01 14:30:00,2017-03-01 14:50:00,7,13,"Yes"
"261","UCOL20.2_2017-03-01",1,"cornabus","BV16","BV13",5317,5318,2017-03-01 14:30:00,2017-03-01 14:50:00,7,13,"No"
"262","WHIT09_2017-03-01",1,"cornabus","BV23","BV13",5317,5318,2017-03-01 14:30:00,2017-03-01 14:50:00,7,13,"No"
"263","WHIT04_2017-03-02",1,"craigens","CP1","CP2",5325,NA,2017-03-02 15:50:00,NA,1,NA,"No"
"264","WHIT03_2017-03-04",1,"craigens","AO32","CP2",5341,NA,2017-03-04 12:05:00,NA,4,NA,"No"
"265","WHIT04_2017-03-04",1,"craigens","AO32","CP2",5341,NA,2017-03-04 12:05:00,NA,4,NA,"No"
"266","WHIT09_2017-03-07",1,"cornabus","BV13","BV14",5353,NA,2017-03-07 15:15:00,NA,1,NA,"No"
"267","WHIT15_2017-03-13",1,"ballinaby","LK6","LK8",5389,NA,2017-03-13 12:40:00,NA,1,NA,"No"
"268","WHIT14_2017-03-13",1,"ballinaby","LK6","LK8",5389,NA,2017-03-13 12:40:00,NA,1,NA,"No"
"269","UCOL20.2_2017-03-16",1,"cornabus","BV13","BV16",5394,NA,2017-03-16 11:40:00,NA,4,NA,"No"
"270","WHIT07_2017-03-16",1,"cornabus",NA,"BV16",5394,NA,2017-03-16 11:40:00,NA,4,NA,"No"
"271","WHIT07_2017-03-16",1,"cornabus","BV30","BV16",5394,NA,2017-03-16 11:40:00,NA,4,NA,"No"
"272","WHIT10_2017-03-16",1,"cornabus","BV13","BV16",5394,NA,2017-03-16 11:40:00,NA,4,NA,"No"
"273","WHIT03_2017-03-18",1,"craigens","AO27","CP57",5428,NA,2017-03-18 17:55:00,NA,2,NA,"No"
"274","WHIT04_2017-03-18",1,"craigens","AO27","CP57",5428,NA,2017-03-18 17:55:00,NA,2,NA,"No"
"275","HAR02_2017-03-20",1,"home farm","OV5","OV1",5436,NA,2017-03-20 10:50:00,NA,9,NA,"No"
"276","BLO29_2017-03-21",1,"newmains","CR9","CT21",5448,NA,2017-03-21 11:30:00,NA,2,NA,"No"
"277","WHIT09_2017-03-22",1,"balivicar","BV13","BV30",5455,NA,2017-03-22 10:00:00,NA,1,NA,"No"
"278","WHIT07_2017-03-22",1,"balivicar","BV31","BV30",5455,NA,2017-03-22 10:00:00,NA,1,NA,"No"
"279","UCOL20.2_2017-03-22",1,"balivicar","BV12","BV30",5461,NA,2017-03-22 16:55:00,NA,1,NA,"No"
"280","WHIT09_2017-03-22",1,"balivicar","BV15","BV30",5461,NA,2017-03-22 16:55:00,NA,1,NA,"No"
"281","WHIT09_2017-03-22",1,"balivicar","BV25","BV30",5461,NA,2017-03-22 16:55:00,NA,1,NA,"No"
"282","WHIT03_2017-03-27",1,"craigens","AO31","CP58",5504,NA,2017-03-27 11:40:00,NA,6,NA,"No"
"283","WHIT04_2017-03-27",1,"craigens","AO31","CP58",5504,NA,2017-03-27 11:40:00,NA,6,NA,"No"
"284","WHIT03_2017-03-27",1,"craigens","AO27","CP57",5514,NA,2017-03-27 17:00:00,NA,1,NA,"No"
"285","WHIT05_2017-03-27",1,"craigens","CP28","CP2",5515,NA,2017-03-27 17:25:00,NA,6,NA,"No"
"286","WHIT04_2017-03-27",1,"craigens","AO30","CP57",5514,NA,2017-03-27 17:00:00,NA,1,NA,"No"
"287","WHIT15_2017-03-29",1,"ballinaby","LK11","LK6",5538,NA,2017-03-29 08:30:00,NA,4,NA,"No"
"288","WHIT09_2017-03-29",1,"cornabus","BV16","BV16",5540,5541,2017-03-29 11:05:00,2017-03-29 11:20:00,5,3,"Yes"
"289","WHIT07_2017-03-29",1,"cornabus","BV31","BV16",5540,5541,2017-03-29 11:05:00,2017-03-29 11:20:00,5,3,"No"
"290","WHIT10_2017-03-29",1,"cornabus","BV13","BV16",5540,5541,2017-03-29 11:05:00,2017-03-29 11:20:00,5,3,"No"
"291","WHIT03_2017-03-29",1,"craigens","AO33","CP3",5545,NA,2017-03-29 17:00:00,NA,9,NA,"No"
"292","WHIT04_2017-03-29",1,"craigens","AO33","CP3",5545,NA,2017-03-29 17:00:00,NA,9,NA,"No"
"293","WHIT07_2017-03-31",1,"cornabus","BV31","BV14",5568,NA,2017-03-31 10:35:00,NA,5,NA,"No"
"294","WHIT09_2017-03-31",1,"cornabus","BV15","BV14",5568,NA,2017-03-31 10:35:00,NA,5,NA,"No"
"295","WHIT07_2017-03-31",1,"cornabus","BV14","BV14",5568,NA,2017-03-31 10:35:00,NA,5,NA,"Yes"
"296","WHIT09_2017-03-31",1,"cornabus","BV13","BV14",5568,NA,2017-03-31 10:35:00,NA,5,NA,"No"
"297","WHIT10_2017-03-31",1,"cornabus",NA,"BV14",5568,NA,2017-03-31 10:35:00,NA,5,NA,"No"
"298","WHIT15_2017-11-03",1,"coull","BB7","BB6",5577,NA,2017-11-03 15:05:00,NA,1,NA,"No"
"299","WHIT03_2017-11-10",1,"craigens","CP1","CP55",5594,NA,2017-11-10 09:40:00,NA,1,NA,"No"
"300","WHIT03_2017-11-11",1,"craigens","AO32","CP55",5602,NA,2017-11-11 09:40:00,NA,1,NA,"No"
"301","HAR27_2017-11-24",1,"island farm","LN2","LN2",5663,NA,2017-11-24 11:00:00,NA,2,NA,"Yes"
"302","WHIT09_2017-11-28",1,"ballivicar","BV13","BV30",5683,NA,2017-11-28 10:50:00,NA,10,NA,"No"
"303","WHIT07_2017-11-28",1,"ballivicar","BV31","BV30",5683,NA,2017-11-28 10:50:00,NA,10,NA,"No"
"304","WHIT07_2017-12-02",1,"kintra","KT6","KT13",5698,NA,2017-12-02 10:40:00,NA,2,NA,"No"
"305","WHIT09_2017-12-12",1,"cornabus","BV14","BV14",5727,NA,2017-12-12 10:30:00,NA,7,NA,"Yes"
"306","WHIT07_2017-12-12",1,"cornabus","BV14","BV14",5727,NA,2017-12-12 10:30:00,NA,7,NA,"Yes"
"307","WHIT07_2017-12-13",1,"kintra","KT8","KT9",5738,NA,2017-12-13 11:40:00,NA,11,NA,"No"
"308","WHIT13_2017-12-13",1,"kintra","KT8","KT9",5738,NA,2017-12-13 11:40:00,NA,11,NA,"No"
"309","WHIT03_2017-12-22",1,"craigens","AO30","CP51",5760,5761,2017-12-22 09:25:00,2017-12-22 09:25:00,1,1,"No"
"310","WHIT03_2017-12-22",1,"craigens","AO31","CP51",5760,5761,2017-12-22 09:25:00,2017-12-22 09:25:00,1,1,"No"
"311","WHIT03_2018-01-08",1,"craigens","AO33","CP58",5806,NA,2018-01-08 11:50:00,NA,2,NA,"No"
"312","WHIT03_2018-01-10",1,"craigens","CP2","CP51",5821,NA,2018-01-10 12:20:00,NA,1,NA,"No"
"313","WHIT03_2018-01-10",1,"craigens","CP20","CP51",5821,NA,2018-01-10 12:20:00,NA,1,NA,"No"
"314","WHIT03_2018-01-12",1,"craigens","AO32","CP55",5831,NA,2018-01-12 13:22:00,NA,2,NA,"No"
"315","WHIT03_2018-01-13",1,"craigens","AO33","CP55",5838,NA,2018-01-13 13:30:00,NA,1,NA,"No"
"316","WHIT03_2018-01-18",1,"craigens","AO31","CP58",5844,5846,2018-01-18 09:45:00,2018-01-18 10:15:00,4,5,"No"
"317","WHIT03_2018-01-18",1,"craigens","AO31","CP51",5846,NA,2018-01-18 10:15:00,NA,5,NA,"No"
"318","WHIT03_2018-01-18",1,"craigens","AO31","CP55",5852,NA,2018-01-18 15:28:00,NA,5,NA,"No"
"319","WHIT03_2018-01-22",1,"craigens","AO33","CP55",5874,NA,2018-01-22 15:33:00,NA,1,NA,"No"
"320","WHIT03_2018-01-24",1,"craigens","CP20","CP2",5890,5891,2018-01-24 11:35:00,2018-01-24 11:50:00,1,1,"No"
"321","WHIT03_2018-01-24",1,"craigens","AO33","CP2",5890,5891,2018-01-24 11:35:00,2018-01-24 11:50:00,1,1,"No"
"322","WHIT13_2018-01-26",1,"cornabus","BV31","BV14",5911,NA,2018-01-26 13:20:00,NA,12,NA,"No"
"323","WHIT03_2018-01-26",1,"craigens","AO32","CP56",5921,NA,2018-01-26 15:26:00,NA,1,NA,"No"
"324","WHIT03_2018-02-07",1,"craigens","AO32","CP58",5968,NA,2018-02-07 10:31:00,NA,1,NA,"No"
"325","WHIT09_2018-02-07",1,"cornabus","BV15","BV14",5967,NA,2018-02-07 10:15:00,NA,6,NA,"No"
"326","WHIT11_2018-02-07",1,"cornabus","BV31","BV14",5967,NA,2018-02-07 10:15:00,NA,6,NA,"No"
"327","WHIT13_2018-02-07",1,"cornabus",NA,"BV14",5967,NA,2018-02-07 10:15:00,NA,6,NA,"No"
"328","WHIT07_2018-02-07",1,"cornabus",NA,"BV14",5967,NA,2018-02-07 10:15:00,NA,6,NA,"No"
"329","WHIT03_2018-02-07",1,"craigens","AO31","CP58",5968,5969,2018-02-07 10:31:00,2018-02-07 11:06:00,1,1,"No"
"330","WHIT09_2018-02-07",1,"cornabus","BV21","BV14",5967,NA,2018-02-07 10:15:00,NA,6,NA,"No"
"331","WHIT03_2018-02-07",1,"craigens","AO31","CP55",5969,NA,2018-02-07 11:06:00,NA,1,NA,"No"
"332","WHIT03_2018-02-10",1,"craigens","AO33","CP51",5999,6001,2018-02-10 12:01:00,2018-02-10 12:01:00,1,1,"No"
"333","PIFO10_2018-02-12",1,"kintra","KT8","KT9",6007,NA,2018-02-12 12:27:00,NA,1,NA,"No"
"334","WHIT03_2018-02-14",1,"craigens","AO32","CP55",6037,NA,2018-02-14 12:55:00,NA,1,NA,"No"
"335","WHIT03_2018-02-14",1,"craigens","AO31","CP55",6037,NA,2018-02-14 12:55:00,NA,1,NA,"No"
"336","WHIT03_2018-02-16",1,"craigens","CP1","CP55",6045,NA,2018-02-16 12:00:00,NA,1,NA,"No"
"337","WHIT03_2018-02-19",1,"craigens","CP1","CP1",6059,NA,2018-02-19 12:06:00,NA,3,NA,"Yes"
"338","WHIT03_2018-02-20",1,"craigens","CP51","CP56",6069,NA,2018-02-20 14:02:00,NA,1,NA,"No"
"339","WHIT03_2018-02-24",1,"craigens","AO30","CP55",6100,6101,2018-02-24 13:33:00,2018-02-24 13:33:00,1,1,"No"
"340","WHIT03_2018-02-27",1,"craigens","CP20","CP1",6116,NA,2018-02-27 15:02:00,NA,2,NA,"No"
"341","PIFO30.1_2018-03-02",1,"kintra","KT7","KT9",6142,NA,2018-03-02 12:05:00,NA,8,NA,"No"
"342","PIFO10_2018-03-02",1,"kintra","KT7","KT9",6142,NA,2018-03-02 12:05:00,NA,8,NA,"No"
"343","WHIT03_2018-03-06",1,"craigens","AO31","CP51",6166,NA,2018-03-06 11:21:00,NA,1,NA,"No"
"344","WHIT03_2018-03-07",1,"craigens","AO30","CP58",6170,6171,2018-03-07 11:35:00,2018-03-07 11:35:00,1,3,"No"
"345","WHIT03_2018-03-08",1,"craigens","AO30","CP55",6180,NA,2018-03-08 11:56:00,NA,1,NA,"No"
"346","WHIT03_2018-03-08",1,"craigens","AO27","CP55",6180,NA,2018-03-08 11:56:00,NA,1,NA,"No"
"347","CLEG04_2018-03-09",1,"coull","BB9","BB6",6186,NA,2018-03-09 09:59:00,NA,10,NA,"No"
"348","WHIT03_2018-03-09",1,"craigens","AO30","CP56",6187,NA,2018-03-09 10:43:00,NA,1,NA,"No"
"349","WHIT03_2018-03-10",1,"craigens","CP57","CP56",6192,6193,2018-03-10 12:31:00,2018-03-10 12:31:00,1,2,"No"
"350","WHIT03_2018-03-10",1,"craigens","AO31","CP56",6192,6193,2018-03-10 12:31:00,2018-03-10 12:31:00,1,2,"No"
"351","WHIT03_2018-03-12",1,"craigens","AO32","CP58",6203,NA,2018-03-12 11:00:00,NA,12,NA,"No"
"352","WHIT09_2018-03-13",1,"cornabus","BV30","BV13",6209,6210,2018-03-13 11:51:00,2018-03-13 11:51:00,14,2,"No"
"353","WHIT17_2018-03-13",1,"cornabus",NA,"BV16",6210,NA,2018-03-13 11:51:00,NA,2,NA,"No"
"354","WHIT17_2018-03-15",1,"cornabus","BV14","BV13",6222,NA,2018-03-15 12:30:00,NA,1,NA,"No"
"355","WHIT03_2018-03-15",1,"craigens","AO32","CP58",6219,NA,2018-03-15 15:45:00,NA,1,NA,"No"
"356","WHIT03_2018-03-16",1,"craigens","AO32","CP56",6230,6231,2018-03-16 15:15:00,2018-03-16 15:35:00,2,10,"No"
"357","WHIT03_2018-03-19",1,"craigens","CP21","CP2",6242,NA,2018-03-19 10:35:00,NA,2,NA,"No"
"358","WHIT03_2018-03-19",1,"craigens","AO32","CP2",6242,6243,2018-03-19 10:35:00,2018-03-19 10:35:00,2,2,"No"
"359","WHIT03_2018-03-26",1,"craigens","AO32","CP2",6259,6260,2018-03-26 10:25:00,2018-03-26 10:25:00,5,4,"No"
"360","UCOL31_2018-03-26",1,"cornabus","BV10","BV13",6267,NA,2018-03-26 11:45:00,NA,1,NA,"No"
"361","UCOL32_2018-03-26",1,"cornabus","BV10","BV13",6267,NA,2018-03-26 11:45:00,NA,1,NA,"No"
"362","WHIT11_2018-03-26",1,"cornabus","BV16","BV13",6267,NA,2018-03-26 11:45:00,NA,1,NA,"No"
"363","WHIT09_2018-03-26",1,"cornabus","BV16","BV13",6267,NA,2018-03-26 11:45:00,NA,1,NA,"No"
"364","WHIT17_2018-03-26",1,"cornabus","BV14","BV13",6267,NA,2018-03-26 11:45:00,NA,1,NA,"No"
"365","WHIT18_2018-03-26",1,"cornabus","BV32","BV13",6267,NA,2018-03-26 11:45:00,NA,1,NA,"No"
"366","WHIT22_2018-03-26",1,"cornabus","BV12","BV13",6267,NA,2018-03-26 11:45:00,NA,1,NA,"No"
"367","WHIT23_2018-03-26",1,"cornabus","BV32","BV13",6267,NA,2018-03-26 11:45:00,NA,1,NA,"No"
"368","WHIT24_2018-03-26",1,"cornabus","BV12","BV13",6267,NA,2018-03-26 11:45:00,NA,1,NA,"No"
"369","CLEG05_2018-03-26",1,"cornabus","BV32","BV13",6267,NA,2018-03-26 11:45:00,NA,1,NA,"No"
"370","WHIT21_2018-03-26",1,"cornabus","BV32","BV13",6267,NA,2018-03-26 11:45:00,NA,1,NA,"No"
"371","WHIT03_2018-03-26",1,"craigens","CP2","CP2",6259,6260,2018-03-26 10:25:00,2018-03-26 10:25:00,5,4,"Yes"
"372","WHIT24_2018-03-26",1,"cornabus","BV10","BV13",6267,NA,2018-03-26 11:45:00,NA,1,NA,"No"
"373","WHIT03_2018-03-27",1,"craigens","CP51","CP56",6274,NA,2018-03-27 10:57:00,NA,1,NA,"No"
"374","WHIT03_2018-03-28",1,"craigens","CP1","CP58",6284,NA,2018-03-28 15:30:00,NA,3,NA,"No"
"375","WHIT03_2018-03-29",1,"craigens","AO33","CP56",6293,NA,2018-03-29 14:28:00,NA,1,NA,"No"
"376","WHIT03_2018-03-31",1,"craigens","AO33","CP55",6310,NA,2018-03-31 12:05:00,NA,1,NA,"No"
"377","UCOL32_2018-04-01",1,"cornabus","BV10","BV13",6318,NA,2018-04-01 13:24:00,NA,1,NA,"No"
"378","CLEG05_2018-04-01",1,"cornabus","BV12","BV13",6318,NA,2018-04-01 13:24:00,NA,1,NA,"No"
"379","WHIT24_2018-04-01",1,"cornabus","BV12","BV13",6318,NA,2018-04-01 13:24:00,NA,1,NA,"No"
"380","UCOL32_2018-04-01",1,"cornabus","BV11","BV13",6318,NA,2018-04-01 13:24:00,NA,1,NA,"No"
"381","WHIT23_2018-04-01",1,"cornabus","BV10","BV13",6318,NA,2018-04-01 13:24:00,NA,1,NA,"No"
"382","WHIT03_2018-04-02",1,"craigens","AO32","CP56",6328,NA,2018-04-02 14:45:00,NA,1,NA,"No"
"383","WHIT03_2018-11-08",1,"craigens","CP51","CP58",6383,NA,2018-11-08 09:27:00,NA,1,NA,"No"
"384","WHIT16_2018-11-08",1,"rockside","RK2","RK7",6385,NA,2018-11-08 13:35:00,NA,1,NA,"No"
"385","WHIT03_2018-11-08",1,"craigens","CP51","CP58",6386,NA,2018-11-08 13:57:00,NA,1,NA,"No"
"386","WHIT03_2018-11-08",1,"craigens","AO32","CP58",6386,NA,2018-11-08 13:57:00,NA,1,NA,"No"
"387","UCOL31_2018-11-09",1,"cornabus","BV32","BV14",6387,NA,2018-11-09 11:07:00,NA,10,NA,"No"
"388","WHIT21_2018-11-09",1,"cornabus","BV32","BV14",6387,NA,2018-11-09 11:07:00,NA,10,NA,"No"
"389","WHIT22_2018-11-09",1,"cornabus","BV12","BV14",6387,NA,2018-11-09 11:07:00,NA,10,NA,"No"
"390","WHIT03_2018-11-09",1,"craigens","CP51","CP56",6390,NA,2018-11-09 11:50:00,NA,1,NA,"No"
"391","WHIT10_2018-11-09",1,"cornabus","BV12","BV14",6387,NA,2018-11-09 11:07:00,NA,10,NA,"No"
"392","WHIT03_2018-11-10",1,"craigens","CP51","CP58",6395,NA,2018-11-10 10:51:00,NA,1,NA,"No"
"393","WHIT03_2018-11-10",1,"craigens","AO33","CP58",6395,NA,2018-11-10 10:51:00,NA,1,NA,"No"
"394","WHIT03_2018-11-12",1,"craigens","AO32","CP3",6396,6397,2018-11-12 10:35:00,2018-11-12 10:35:00,1,1,"No"
"395","WHIT16_2018-11-15",1,"coull","BB7","BB6",6409,NA,2018-11-15 10:44:00,NA,1,NA,"No"
"396","WHIT16_2018-11-15",1,"coull","BB6","BB6",6409,NA,2018-11-15 10:44:00,NA,1,NA,"Yes"
"397","WHIT03_2018-11-15",1,"craigens","AO33","CP55",6411,NA,2018-11-15 11:41:00,NA,1,NA,"No"
"398","WHIT03_2018-11-16",1,"craigens","CP51","CP10",6418,NA,2018-11-16 15:15:00,NA,1,NA,"No"
"399","WHIT16_2018-11-22",1,"coull",NA,"BB6",6427,NA,2018-11-22 14:06:00,NA,1,NA,"No"
"400","WHIT16_2018-11-22",1,"coull","BB3","BB6",6427,NA,2018-11-22 14:06:00,NA,1,NA,"No"
"401","CLEG04_2018-11-22",1,"coull","BB23","BB6",6427,NA,2018-11-22 14:06:00,NA,1,NA,"No"
"402","17786_2018-11-23",1,"craigens","CP10","CP10",6431,NA,2018-11-23 15:00:00,NA,2,NA,"Yes"
"403","17674_2018-11-23",1,"craigens","CP10","CP10",6431,NA,2018-11-23 15:00:00,NA,2,NA,"Yes"
"404","PIFO30.2_2018-11-23",1,"craigens","CP10","CP10",6431,NA,2018-11-23 15:00:00,NA,2,NA,"Yes"
"405","PIFO47_2018-11-23",1,"craigens","CP2","CP10",6431,NA,2018-11-23 15:00:00,NA,2,NA,"No"
"406","171211_2018-11-23",1,"craigens","CP7","CP10",6431,NA,2018-11-23 15:00:00,NA,2,NA,"No"
"407","17790_2018-11-23",1,"craigens","CP2","CP10",6431,NA,2018-11-23 15:00:00,NA,2,NA,"No"
"408","17796_2018-11-23",1,"craigens","CP2","CP10",6431,NA,2018-11-23 15:00:00,NA,2,NA,"No"
"409","17806_2018-11-23",1,"craigens","CP2","CP10",6431,NA,2018-11-23 15:00:00,NA,2,NA,"No"
"410","171211_2018-11-23",1,"craigens","CP2","CP10",6431,NA,2018-11-23 15:00:00,NA,2,NA,"No"
"411","17790_2018-11-30",1,"craigens","CP3","CP58",6436,NA,2018-11-30 10:05:00,NA,1,NA,"No"
"412","171211_2018-11-30",1,"craigens","CP3","CP58",6436,NA,2018-11-30 10:05:00,NA,1,NA,"No"
"413","17796_2018-11-30",1,"craigens","CP55","CP58",6436,NA,2018-11-30 10:05:00,NA,1,NA,"No"
"414","17786_2018-11-30",1,"craigens","CP55","CP58",6436,NA,2018-11-30 10:05:00,NA,1,NA,"No"
"415","17806_2018-11-30",1,"craigens","CP3","CP58",6436,NA,2018-11-30 10:05:00,NA,1,NA,"No"
"416","17674_2018-11-30",1,"craigens","CP3","CP58",6436,NA,2018-11-30 10:05:00,NA,1,NA,"No"
"417","171211_2018-11-30",1,"craigens","CP56","CP58",6436,NA,2018-11-30 10:05:00,NA,1,NA,"No"
"418","171211_2018-11-30",1,"craigens","CP10","CP58",6436,NA,2018-11-30 10:05:00,NA,1,NA,"No"
"419","17796_2018-11-30",1,"craigens","CP3","CP58",6436,NA,2018-11-30 10:05:00,NA,1,NA,"No"
"420","PIFO30.2_2018-11-30",1,"craigens","CP51","CP58",6436,NA,2018-11-30 10:05:00,NA,1,NA,"No"
"421","PIFO47_2018-11-30",1,"craigens","CP3","CP58",6436,NA,2018-11-30 10:05:00,NA,1,NA,"No"
"422","17786_2018-11-30",1,"craigens","CP3","CP58",6436,NA,2018-11-30 10:05:00,NA,1,NA,"No"
"423","WHIT16_2018-11-30",1,"coull","BB3","BB6",6438,NA,2018-11-30 11:12:00,NA,1,NA,"No"
"424","17796_2018-12-01",1,"craigens","AO31","CP55",6441,NA,2018-12-01 09:39:00,NA,3,NA,"No"
"425","171211_2018-12-01",1,"craigens","CP10","CP55",6441,NA,2018-12-01 09:39:00,NA,3,NA,"No"
"426","17790_2018-12-03",1,"craigens","CP1","CP10",6445,NA,2018-12-03 10:26:00,NA,1,NA,"No"
"427","17796_2018-12-03",1,"craigens","CP1","CP10",6445,NA,2018-12-03 10:26:00,NA,1,NA,"No"
"428","PIFO30.2_2018-12-03",1,"craigens","CP8","CP10",6445,NA,2018-12-03 10:26:00,NA,1,NA,"No"
"429","PIFO47_2018-12-03",1,"craigens","CP1","CP10",6445,NA,2018-12-03 10:26:00,NA,1,NA,"No"
"430","17786_2018-12-03",1,"craigens","CP1","CP10",6445,NA,2018-12-03 10:26:00,NA,1,NA,"No"
"431","17806_2018-12-03",1,"craigens","CP1","CP10",6445,6446,2018-12-03 10:26:00,2018-12-03 10:26:00,1,1,"No"
"432","WHIT16_2018-12-03",1,"coull","BB5","BB6",6447,NA,2018-12-03 11:57:00,NA,1,NA,"No"
"433","WHIT16_2018-12-03",1,"coull",NA,"BB6",6447,NA,2018-12-03 11:57:00,NA,1,NA,"No"
"434","CLEG04_2018-12-03",1,"coull",NA,"BB6",6447,NA,2018-12-03 11:57:00,NA,1,NA,"No"
"435","WHIT19_2018-12-04",1,"cornabus",NA,"BV14",6451,NA,2018-12-04 11:18:00,NA,20,NA,"No"
"436","WHIT10_2018-12-04",1,"cornabus","BV23","BV14",6451,NA,2018-12-04 11:18:00,NA,20,NA,"No"
"437","WHIT22_2018-12-04",1,"cornabus","BV16","BV14",6451,NA,2018-12-04 11:18:00,NA,20,NA,"No"
"438","17806_2018-12-06",1,"craigens","CP3","CP3",6457,6458,2018-12-06 10:13:00,2018-12-06 10:13:00,1,10,"Yes"
"439","PIFO30.2_2018-12-06",1,"craigens","CP51","CP3",6457,6458,2018-12-06 10:13:00,2018-12-06 10:13:00,1,10,"No"
"440","17786_2018-12-06",1,"craigens","CP55","CP3",6457,6458,2018-12-06 10:13:00,2018-12-06 10:13:00,1,10,"No"
"441","17806_2018-12-06",1,"craigens","CP55","CP3",6457,6458,2018-12-06 10:13:00,2018-12-06 10:13:00,1,10,"No"
"442","17790_2018-12-06",1,"craigens","AO32","CP3",6457,6458,2018-12-06 10:13:00,2018-12-06 10:13:00,1,10,"No"
"443","PIFO30.2_2018-12-07",1,"craigens","CP51","CP58",6468,NA,2018-12-07 15:25:00,NA,1,NA,"No"
"444","PIFO30.2_2018-12-13",1,"craigens","CP51","CP3",6489,6490,2018-12-13 12:36:00,2018-12-13 12:36:00,1,1,"No"
"445","PIFO30.2_2018-12-14",1,"craigens","CP51","CP58",6494,NA,2018-12-14 10:45:00,NA,1,NA,"No"
"446","PIFO30.2_2018-12-14",1,"craigens","CP51","CP56",6497,NA,2018-12-14 14:35:00,NA,1,NA,"No"
"447","PIFO30.2_2018-12-18",1,"craigens","CP3","CP51",6513,6514,2018-12-18 09:27:00,2018-12-18 09:27:00,1,1,"No"
"448","CLEG05_2018-12-24",1,"ballivicar","BV14","BV22",6528,NA,2018-12-24 10:47:00,NA,2,NA,"No"
"449","WHIT19_2018-12-24",1,"ballivicar","BV14","BV22",6528,NA,2018-12-24 10:47:00,NA,2,NA,"No"
"450","17796_2018-12-24",1,"craigens","CP20","CP10",6529,NA,2018-12-24 13:22:00,NA,3,NA,"No"
"451","UCOL35_2018-12-24",1,"craigens","CP1","CP10",6529,NA,2018-12-24 13:22:00,NA,3,NA,"No"
"452","171211_2018-12-24",1,"craigens","CP5","CP10",6529,NA,2018-12-24 13:22:00,NA,3,NA,"No"
"453","17796_2018-12-24",1,"craigens","CP2","CP10",6529,NA,2018-12-24 13:22:00,NA,3,NA,"No"
"454","PIFO47_2018-12-24",1,"craigens","CP2","CP10",6529,NA,2018-12-24 13:22:00,NA,3,NA,"No"
"455","171211_2018-12-24",1,"craigens","CP3","CP10",6529,NA,2018-12-24 13:22:00,NA,3,NA,"No"
"456","WHIT16_2018-12-24",1,"ballinaby","BB6","BB7",6530,NA,2018-12-24 14:16:00,NA,1,NA,"No"
"457","PIFO30.2_2018-12-27",1,"craigens","CP1","CP10",6533,NA,2018-12-27 10:55:00,NA,10,NA,"No"
"458","CLEG04_2018-12-27",1,"ballinaby","BB6","BB7",6534,NA,2018-12-27 11:59:00,NA,1,NA,"No"
"459","WHIT17_2018-12-29",1,"ballivicar",NA,"BV22",6543,NA,2018-12-29 13:36:00,NA,1,NA,"No"
"460","17790_2019-01-03",1,"craigens","CP1","CP10",6550,NA,2019-01-03 12:14:00,NA,1,NA,"No"
"461","PIFO47_2019-01-03",1,"craigens","CP1","CP10",6550,NA,2019-01-03 12:14:00,NA,1,NA,"No"
"462","UCOL35_2019-01-03",1,"craigens","CP1","CP10",6550,NA,2019-01-03 12:14:00,NA,1,NA,"No"
"463","WHIT16_2019-01-04",1,"coull","BB6","BB2",6554,NA,2019-01-04 10:37:00,NA,1,NA,"No"
"464","UCOL35_2019-01-04",1,"craigens","CP1","CP55",6555,NA,2019-01-04 11:12:00,NA,1,NA,"No"
"465","17786_2019-01-07",1,"craigens","CP1","CP55",6563,NA,2019-01-07 13:05:00,NA,3,NA,"No"
"466","17790_2019-01-10",1,"craigens","CP1","CP56",6575,NA,2019-01-10 12:20:00,NA,1,NA,"No"
"467","PIFO30.2_2019-01-10",1,"craigens","CP58","CP56",6575,NA,2019-01-10 12:20:00,NA,1,NA,"No"
"468","UCOL35_2019-01-14",1,"craigens","CP2","CP10",6584,NA,2019-01-14 15:01:00,NA,3,NA,"No"
"469","WHIT17_2019-01-17",1,"cornabus","BV16","BV14",6589,NA,2019-01-17 10:31:00,NA,1,NA,"No"
"470","17790_2019-01-17",1,"craigens","CP20","CP5",6588,NA,2019-01-17 14:13:00,NA,1,NA,"No"
"471","UCOL35_2019-01-17",1,"craigens","CP21","CP5",6588,NA,2019-01-17 14:13:00,NA,1,NA,"No"
"472","17796_2019-01-17",1,"craigens","CP20","CP5",6588,NA,2019-01-17 14:13:00,NA,1,NA,"No"
"473","17790_2019-01-18",1,"craigens","CP21","CP3",6591,NA,2019-01-18 13:31:00,NA,6,NA,"No"
"474","17796_2019-01-18",1,"craigens","CP20","CP3",6591,NA,2019-01-18 13:31:00,NA,6,NA,"No"
"475","17796_2019-01-18",1,"craigens","CP51","CP3",6591,NA,2019-01-18 13:31:00,NA,6,NA,"No"
"476","17796_2019-01-18",1,"craigens","CP2","CP3",6591,NA,2019-01-18 13:31:00,NA,6,NA,"No"
"477","17790_2019-01-18",1,"craigens","CP2","CP3",6591,NA,2019-01-18 13:31:00,NA,6,NA,"No"
"478","PIFO47_2019-01-18",1,"craigens","CP2","CP3",6591,NA,2019-01-18 13:31:00,NA,6,NA,"No"
"479","17790_2019-01-21",1,"craigens","CP55","CP3",6597,NA,2019-01-21 10:59:00,NA,1,NA,"No"
"480","17790_2019-01-21",1,"craigens","CP10","CP3",6597,NA,2019-01-21 10:59:00,NA,1,NA,"No"
"481","17796_2019-01-23",1,"craigens","CP2","CP55",6603,NA,2019-01-23 09:41:00,NA,1,NA,"No"
"482","17790_2019-01-23",1,"craigens","CP2","CP55",6603,NA,2019-01-23 09:41:00,NA,1,NA,"No"
"483","17790_2019-01-28",1,"craigens","CP21","CP3",6609,NA,2019-01-28 10:20:00,NA,1,NA,"No"
"484","PIFO47_2019-01-28",1,"craigens","CP20","CP3",6609,NA,2019-01-28 10:20:00,NA,1,NA,"No"
"485","UCOL35_2019-01-28",1,"craigens","CP20","CP3",6609,NA,2019-01-28 10:20:00,NA,1,NA,"No"
"486","17790_2019-01-28",1,"craigens","CP20","CP3",6609,NA,2019-01-28 10:20:00,NA,1,NA,"No"
"487","17674_2019-01-31",1,"kilchiaran","KI7","KI8",6619,NA,2019-01-31 15:10:00,NA,2,NA,"No"
"488","17674_2019-01-31",1,"kilchiaran","KI4","KI8",6619,NA,2019-01-31 15:10:00,NA,2,NA,"No"
"489","PIFO30.2_2019-01-31",1,"kilchiaran","KI4","KI8",6619,NA,2019-01-31 15:10:00,NA,2,NA,"No"
"490","171211_2019-02-04",1,"craigens","CP51","CP58",6634,NA,2019-02-04 13:00:00,NA,14,NA,"No"
"491","17674_2019-02-05",1,"kilchiaran","KI8","KI8",6636,NA,2019-02-05 10:25:00,NA,10,NA,"Yes"
"492","PIFO30.2_2019-02-05",1,"kilchiaran","KI6","KI8",6636,NA,2019-02-05 10:25:00,NA,10,NA,"No"
"493","17674_2019-02-05",1,"kilchiaran","KI6","KI8",6636,NA,2019-02-05 10:25:00,NA,10,NA,"No"
"494","17790_2019-02-07",1,"craigens","CP20","CP3",6646,NA,2019-02-07 09:39:00,NA,1,NA,"No"
"495","17674_2019-02-07",1,"craigens","CP20","CP3",6646,NA,2019-02-07 09:39:00,NA,1,NA,"No"
"496","17796_2019-02-07",1,"craigens","CP20","CP3",6646,NA,2019-02-07 09:39:00,NA,1,NA,"No"
"497","17786_2019-02-07",1,"craigens","CP20","CP3",6646,NA,2019-02-07 09:39:00,NA,1,NA,"No"
"498","17806_2019-02-07",1,"craigens","CP20","CP3",6646,NA,2019-02-07 09:39:00,NA,1,NA,"No"
"499","PIFO47_2019-02-07",1,"craigens","CP20","CP3",6646,NA,2019-02-07 09:39:00,NA,1,NA,"No"
"500","WHIT16_2019-02-07",1,"ballinaby","LK29","LK15",6647,NA,2019-02-07 10:33:00,NA,1,NA,"No"
"501","17796_2019-02-08",1,"craigens","CP1","CP55",6653,NA,2019-02-08 13:31:00,NA,1,NA,"No"
"502","171211_2019-02-08",1,"craigens","CP51","CP58",6652,6653,2019-02-08 13:31:00,2019-02-08 13:31:00,1,1,"No"
"503","17806_2019-02-08",1,"craigens","CP1","CP55",6653,NA,2019-02-08 13:31:00,NA,1,NA,"No"
"504","17786_2019-02-08",1,"craigens","CP1","CP55",6653,NA,2019-02-08 13:31:00,NA,1,NA,"No"
"505","17790_2019-02-08",1,"craigens","CP1","CP55",6653,NA,2019-02-08 13:31:00,NA,1,NA,"No"
"506","17796_2019-02-08",1,"craigens","AO33","CP55",6653,NA,2019-02-08 13:31:00,NA,1,NA,"No"
"507","17806_2019-02-08",1,"craigens","AO33","CP55",6653,NA,2019-02-08 13:31:00,NA,1,NA,"No"
"508","17796_2019-02-08",1,"craigens","AO33","CP58",6652,6653,2019-02-08 13:31:00,2019-02-08 13:31:00,1,1,"No"
"509","17790_2019-02-08",1,"craigens","AO33","CP55",6653,NA,2019-02-08 13:31:00,NA,1,NA,"No"
"510","17786_2019-02-08",1,"craigens","AO33","CP55",6653,NA,2019-02-08 13:31:00,NA,1,NA,"No"
"511","17806_2019-02-08",1,"craigens","CP2","CP55",6653,NA,2019-02-08 13:31:00,NA,1,NA,"No"
"512","17796_2019-02-08",1,"craigens","CP10","CP58",6652,6653,2019-02-08 13:31:00,2019-02-08 13:31:00,1,1,"No"
"513","17786_2019-02-08",1,"craigens","CP10","CP58",6652,6653,2019-02-08 13:31:00,2019-02-08 13:31:00,1,1,"No"
"514","171211_2019-02-08",1,"craigens","CP20","CP55",6653,NA,2019-02-08 13:31:00,NA,1,NA,"No"
"515","PIFO47_2019-02-08",1,"craigens","CP1","CP55",6653,NA,2019-02-08 13:31:00,NA,1,NA,"No"
"516","UCOL35_2019-02-08",1,"craigens","CP1","CP55",6653,NA,2019-02-08 13:31:00,NA,1,NA,"No"
"517","WHIT16_2019-02-09",1,"coull","BB9","BB2",6656,NA,2019-02-09 11:39:00,NA,1,NA,"No"
"518","CLEG04_2019-02-09",1,"coull","BB9","BB2",6656,NA,2019-02-09 11:39:00,NA,1,NA,"No"
"519","171211_2019-02-12",1,"craigens","CP51","CP56",6662,NA,2019-02-12 09:30:00,NA,1,NA,"No"
"520","WHIT16_2019-02-12",1,"coull","BB3","BB6",6664,NA,2019-02-12 14:09:00,NA,1,NA,"No"
"521","171211_2019-02-14",1,"craigens","CP10","CP58",6669,6670,2019-02-14 10:00:00,2019-02-14 10:10:00,1,5,"No"
"522","171211_2019-02-14",1,"craigens","CP2","CP3",6670,6671,2019-02-14 10:10:00,2019-02-14 10:18:00,5,1,"No"
"523","17806_2019-02-14",1,"craigens","AO31","CP58",6669,6670,2019-02-14 10:00:00,2019-02-14 10:10:00,1,5,"No"
"524","17796_2019-02-14",1,"craigens","CP2","CP3",6670,6671,2019-02-14 10:10:00,2019-02-14 10:18:00,5,1,"No"
"525","17790_2019-02-14",1,"craigens","CP2","CP3",6670,6671,2019-02-14 10:10:00,2019-02-14 10:18:00,5,1,"No"
"526","17786_2019-02-14",1,"craigens","CP2","CP3",6670,6671,2019-02-14 10:10:00,2019-02-14 10:18:00,5,1,"No"
"527","17806_2019-02-14",1,"craigens","CP20","CP3",6670,6671,2019-02-14 10:10:00,2019-02-14 10:18:00,5,1,"No"
"528","17796_2019-02-14",1,"craigens","CP20","CP3",6670,6671,2019-02-14 10:10:00,2019-02-14 10:18:00,5,1,"No"
"529","17790_2019-02-14",1,"craigens","CP20","CP3",6670,NA,2019-02-14 10:10:00,NA,5,NA,"No"
"530","17786_2019-02-14",1,"craigens","CP20","CP3",6670,NA,2019-02-14 10:10:00,NA,5,NA,"No"
"531","17796_2019-02-14",1,"craigens","CP20","CP3",6670,NA,2019-02-14 10:10:00,NA,5,NA,"No"
"532","17806_2019-02-14",1,"craigens","CP20","CP3",6670,NA,2019-02-14 10:10:00,NA,5,NA,"No"
"533","171211_2019-02-14",1,"craigens","CP51","CP55",6671,NA,2019-02-14 10:18:00,NA,1,NA,"No"
"534","17796_2019-02-20",1,"craigens","CP20","CP55",6677,NA,2019-02-20 11:52:00,NA,3,NA,"No"
"535","17790_2019-02-20",1,"craigens","CP20","CP55",6677,NA,2019-02-20 11:52:00,NA,3,NA,"No"
"536","17806_2019-02-20",1,"craigens","CP20","CP55",6677,NA,2019-02-20 11:52:00,NA,3,NA,"No"
"537","171211_2019-02-20",1,"craigens","CP2","CP55",6677,NA,2019-02-20 11:52:00,NA,3,NA,"No"
"538","17674_2019-02-21",1,"kilchiaran","KI17","KI17",6680,NA,2019-02-21 10:30:00,NA,3,NA,"Yes"
"539","PIFO30.2_2019-02-21",1,"kilchiaran","KI17","KI17",6680,NA,2019-02-21 10:30:00,NA,3,NA,"Yes"
"540","17674_2019-02-21",1,"kilchiaran","KI6","KI17",6680,NA,2019-02-21 10:30:00,NA,3,NA,"No"
"541","17786_2019-02-21",1,"craigens","CP1","CP55",6681,NA,2019-02-21 11:50:00,NA,1,NA,"No"
"542","17796_2019-02-21",1,"craigens","CP1","CP55",6681,NA,2019-02-21 11:50:00,NA,1,NA,"No"
"543","17790_2019-02-21",1,"craigens","CP1","CP55",6681,NA,2019-02-21 11:50:00,NA,1,NA,"No"
"544","17806_2019-02-21",1,"craigens","CP1","CP55",6681,NA,2019-02-21 11:50:00,NA,1,NA,"No"
"545","171211_2019-02-21",1,"craigens","CP5","CP55",6681,NA,2019-02-21 11:50:00,NA,1,NA,"No"
"546","UCOL35_2019-02-21",1,"craigens","CP1","CP55",6681,NA,2019-02-21 11:50:00,NA,1,NA,"No"
"547","171211_2019-02-21",1,"craigens","CP2","CP55",6681,NA,2019-02-21 11:50:00,NA,1,NA,"No"
"548","17796_2019-02-22",1,"craigens","CP1","CP56",6683,NA,2019-02-22 12:43:00,NA,1,NA,"No"
"549","17790_2019-02-22",1,"craigens","CP1","CP56",6683,NA,2019-02-22 12:43:00,NA,1,NA,"No"
"550","UCOL35_2019-02-22",1,"craigens","CP1","CP56",6683,NA,2019-02-22 12:43:00,NA,1,NA,"No"
"551","17806_2019-02-22",1,"craigens","CP1","CP56",6683,NA,2019-02-22 12:43:00,NA,1,NA,"No"
"552","17786_2019-02-22",1,"craigens","CP1","CP56",6683,NA,2019-02-22 12:43:00,NA,1,NA,"No"
"553","WHIT16_2019-02-23",1,"coull","BB4","BB6",6686,NA,2019-02-23 13:51:00,NA,1,NA,"No"
"554","171211_2019-02-23",1,"craigens","CP10","CP55",6688,NA,2019-02-23 14:41:00,NA,1,NA,"No"
"555","17786_2019-03-01",1,"craigens","CP51","CP58",6702,NA,2019-03-01 13:45:00,NA,9,NA,"No"
"556","171211_2019-03-01",1,"craigens","CP51","CP58",6702,NA,2019-03-01 13:45:00,NA,9,NA,"No"
"557","17790_2019-03-01",1,"craigens","AO33","CP58",6702,NA,2019-03-01 13:45:00,NA,9,NA,"No"
"558","17806_2019-03-01",1,"craigens","AO33","CP58",6702,NA,2019-03-01 13:45:00,NA,9,NA,"No"
"559","17796_2019-03-01",1,"craigens","AO33","CP58",6702,NA,2019-03-01 13:45:00,NA,9,NA,"No"
"560","17806_2019-03-01",1,"craigens","CP51","CP58",6702,NA,2019-03-01 13:45:00,NA,9,NA,"No"
"561","17796_2019-03-01",1,"craigens","CP1","CP58",6702,NA,2019-03-01 13:45:00,NA,9,NA,"No"
"562","17790_2019-03-01",1,"craigens","CP51","CP58",6702,NA,2019-03-01 13:45:00,NA,9,NA,"No"
"563","17796_2019-03-01",1,"craigens","CP51","CP58",6702,NA,2019-03-01 13:45:00,NA,9,NA,"No"
"564","171211_2019-03-01",1,"craigens","CP55","CP58",6702,NA,2019-03-01 13:45:00,NA,9,NA,"No"
"565","17786_2019-03-01",1,"craigens","CP55","CP58",6702,NA,2019-03-01 13:45:00,NA,9,NA,"No"
"566","17806_2019-03-04",1,"craigens","CP20","CP55",6712,NA,2019-03-04 10:20:00,NA,1,NA,"No"
"567","17796_2019-03-04",1,"craigens","CP20","CP55",6712,NA,2019-03-04 10:20:00,NA,1,NA,"No"
"568","17786_2019-03-04",1,"craigens","CP20","CP55",6712,NA,2019-03-04 10:20:00,NA,1,NA,"No"
"569","UCOL35_2019-03-04",1,"craigens","CP20","CP55",6712,NA,2019-03-04 10:20:00,NA,1,NA,"No"
"570","WHIT03_2019-03-04",1,"craigens","AO32","CP58",6711,6712,2019-03-04 10:20:00,2019-03-04 10:20:00,1,1,"No"
"571","171211_2019-03-04",1,"craigens","CP20","CP55",6712,NA,2019-03-04 10:20:00,NA,1,NA,"No"
"572","17790_2019-03-04",1,"craigens","CP20","CP55",6712,NA,2019-03-04 10:20:00,NA,1,NA,"No"
"573","WHIT16_2019-03-04",1,"coull","BB6","BB2",6713,NA,2019-03-04 11:12:00,NA,12,NA,"No"
"574","WHIT03_2019-03-04",1,"craigens","AO33","CP55",6712,NA,2019-03-04 10:20:00,NA,1,NA,"No"
"575","WHIT16_2019-03-04",1,"coull","BB2","BB2",6713,NA,2019-03-04 11:12:00,NA,12,NA,"Yes"
"576","CLEG04_2019-03-04",1,"coull","BB23","BB2",6713,NA,2019-03-04 11:12:00,NA,12,NA,"No"
"577","17786_2019-03-05",1,"craigens","CP2","CP55",6721,NA,2019-03-05 13:15:00,NA,1,NA,"No"
"578","171211_2019-03-05",1,"craigens","CP1","CP55",6721,NA,2019-03-05 13:15:00,NA,1,NA,"No"
"579","17806_2019-03-05",1,"craigens","CP2","CP55",6721,NA,2019-03-05 13:15:00,NA,1,NA,"No"
"580","17790_2019-03-05",1,"craigens","CP2","CP55",6721,NA,2019-03-05 13:15:00,NA,1,NA,"No"
"581","17786_2019-03-05",1,"craigens","AO32","CP58",6720,6721,2019-03-05 13:15:00,2019-03-05 13:15:00,1,1,"No"
"582","171211_2019-03-05",1,"craigens","AO32","CP55",6721,NA,2019-03-05 13:15:00,NA,1,NA,"No"
"583","17806_2019-03-05",1,"craigens","AO32","CP55",6721,NA,2019-03-05 13:15:00,NA,1,NA,"No"
"584","17796_2019-03-05",1,"craigens","AO55","CP55",6721,NA,2019-03-05 13:15:00,NA,1,NA,"No"
"585","17790_2019-03-05",1,"craigens","AO55","CP55",6721,NA,2019-03-05 13:15:00,NA,1,NA,"No"
"586","17786_2019-03-05",1,"craigens","AO55","CP55",6721,NA,2019-03-05 13:15:00,NA,1,NA,"No"
"587","17806_2019-03-05",1,"craigens","AO55","CP55",6721,NA,2019-03-05 13:15:00,NA,1,NA,"No"
"588","UCOL35_2019-03-05",1,"craigens","AO55","CP55",6721,NA,2019-03-05 13:15:00,NA,1,NA,"No"
"589","171211_2019-03-05",1,"craigens","AO33","CP55",6721,NA,2019-03-05 13:15:00,NA,1,NA,"No"
"590","17790_2019-03-05",1,"craigens","CP1","CP55",6721,NA,2019-03-05 13:15:00,NA,1,NA,"No"
"591","WHIT10_2019-03-05",1,"ballivicar","BV16","BV22",6722,NA,2019-03-05 15:27:00,NA,1,NA,"No"
"592","WHIT22_2019-03-05",1,"ballivicar","BV12","BV22",6722,NA,2019-03-05 15:27:00,NA,1,NA,"No"
"593","WHIT17_2019-03-05",1,"ballivicar","BV31","BV22",6722,NA,2019-03-05 15:27:00,NA,1,NA,"No"
"594","171211_2019-03-06",1,"craigens","CP1","CP3",6724,NA,2019-03-06 12:52:00,NA,1,NA,"No"
"595","17806_2019-03-06",1,"craigens","CP2","CP3",6724,NA,2019-03-06 12:52:00,NA,1,NA,"No"
"596","17796_2019-03-06",1,"craigens","CP2","CP3",6724,NA,2019-03-06 12:52:00,NA,1,NA,"No"
"597","17790_2019-03-06",1,"craigens","CP2","CP3",6724,NA,2019-03-06 12:52:00,NA,1,NA,"No"
"598","PIFO47_2019-03-06",1,"craigens","CP2","CP3",6724,NA,2019-03-06 12:52:00,NA,1,NA,"No"
"599","UCOL35_2019-03-06",1,"craigens","CP2","CP3",6724,NA,2019-03-06 12:52:00,NA,1,NA,"No"
"600","WHIT03_2019-03-06",1,"craigens","AO31","CP3",6724,NA,2019-03-06 12:52:00,NA,1,NA,"No"
"601","17786_2019-03-06",1,"craigens","CP2","CP3",6724,NA,2019-03-06 12:52:00,NA,1,NA,"No"
"602","171211_2019-03-06",1,"craigens","AO33","CP3",6724,NA,2019-03-06 12:52:00,NA,1,NA,"No"
"603","17806_2019-03-06",1,"craigens","CP1","CP3",6724,NA,2019-03-06 12:52:00,NA,1,NA,"No"
"604","17796_2019-03-06",1,"craigens","CP1","CP3",6724,NA,2019-03-06 12:52:00,NA,1,NA,"No"
"605","17786_2019-03-06",1,"craigens","CP1","CP3",6724,NA,2019-03-06 12:52:00,NA,1,NA,"No"
"606","17790_2019-03-06",1,"craigens","CP1","CP3",6724,NA,2019-03-06 12:52:00,NA,1,NA,"No"
"607","17790_2019-03-06",1,"craigens","CP20","CP3",6724,NA,2019-03-06 12:52:00,NA,1,NA,"No"
"608","17786_2019-03-06",1,"craigens","CP20","CP3",6724,NA,2019-03-06 12:52:00,NA,1,NA,"No"
"609","17806_2019-03-06",1,"craigens","CP20","CP3",6724,NA,2019-03-06 12:52:00,NA,1,NA,"No"
"610","17790_2019-03-06",1,"craigens","AO33","CP3",6724,NA,2019-03-06 12:52:00,NA,1,NA,"No"
"611","17806_2019-03-06",1,"craigens","AO33","CP3",6724,NA,2019-03-06 12:52:00,NA,1,NA,"No"
"612","17796_2019-03-06",1,"craigens","AO33","CP3",6724,NA,2019-03-06 12:52:00,NA,1,NA,"No"
"613","17786_2019-03-06",1,"craigens","AO33","CP3",6724,NA,2019-03-06 12:52:00,NA,1,NA,"No"
"614","17796_2019-03-06",1,"craigens","CP20","CP3",6724,NA,2019-03-06 12:52:00,NA,1,NA,"No"
"615","17806_2019-03-07",1,"craigens","AO33","CP10",6728,6729,2019-03-07 10:26:00,2019-03-07 10:26:00,1,1,"No"
"616","17786_2019-03-07",1,"craigens","CP20","CP55",6729,NA,2019-03-07 10:26:00,NA,1,NA,"No"
"617","17796_2019-03-07",1,"craigens","CP20","CP55",6729,NA,2019-03-07 10:26:00,NA,1,NA,"No"
"618","PIFO47_2019-03-07",1,"craigens","CP20","CP55",6729,NA,2019-03-07 10:26:00,NA,1,NA,"No"
"619","WHIT03_2019-03-07",1,"craigens","CP1","CP10",6728,6729,2019-03-07 10:26:00,2019-03-07 10:26:00,1,1,"No"
"620","17790_2019-03-07",1,"craigens","CP20","CP55",6729,NA,2019-03-07 10:26:00,NA,1,NA,"No"
"621","17806_2019-03-07",1,"craigens","CP20","CP55",6729,NA,2019-03-07 10:26:00,NA,1,NA,"No"
"622","17796_2019-03-07",1,"craigens","CP20","CP10",6728,6729,2019-03-07 10:26:00,2019-03-07 10:26:00,1,1,"No"
"623","17790_2019-03-07",1,"craigens","AO33","CP10",6728,6729,2019-03-07 10:26:00,2019-03-07 10:26:00,1,1,"No"
"624","17796_2019-03-07",1,"craigens","AO33","CP10",6728,6729,2019-03-07 10:26:00,2019-03-07 10:26:00,1,1,"No"
"625","17796_2019-03-07",1,"craigens","AO33","CP55",6729,NA,2019-03-07 10:26:00,NA,1,NA,"No"
"626","17786_2019-03-07",1,"craigens","AO33","CP55",6729,NA,2019-03-07 10:26:00,NA,1,NA,"No"
"627","WHIT03_2019-03-07",1,"craigens","CP2","CP10",6728,6729,2019-03-07 10:26:00,2019-03-07 10:26:00,1,1,"No"
"628","17786_2019-03-07",1,"craigens","CP20","CP10",6728,6729,2019-03-07 10:26:00,2019-03-07 10:26:00,1,1,"No"
"629","17806_2019-03-07",1,"craigens","AO33","CP55",6729,NA,2019-03-07 10:26:00,NA,1,NA,"No"
"630","171211_2019-03-08",1,"craigens","AO27","CP56",6733,NA,2019-03-08 09:20:00,NA,6,NA,"No"
"631","WHIT03_2019-03-08",1,"craigens","AO32","CP56",6733,NA,2019-03-08 09:20:00,NA,6,NA,"No"
"632","171211_2019-03-08",1,"craigens","AO33","CP56",6733,NA,2019-03-08 09:20:00,NA,6,NA,"No"
"633","WHIT16_2019-03-08",1,"coull","BB6","BB2",6737,NA,2019-03-08 10:29:00,NA,1,NA,"No"
"634","17810_2019-03-08",1,"ballivicar","BV12","BV22",6738,NA,2019-03-08 13:28:00,NA,1,NA,"No"
"635","17824_2019-03-08",1,"ballivicar","BV12","BV22",6738,NA,2019-03-08 13:28:00,NA,1,NA,"No"
"636","17806_2019-03-14",1,"craigens","CP20","CP3",6748,NA,2019-03-14 14:25:00,NA,1,NA,"No"
"637","17796_2019-03-14",1,"craigens","CP20","CP3",6748,NA,2019-03-14 14:25:00,NA,1,NA,"No"
"638","171211_2019-03-14",1,"craigens","CP20","CP3",6748,NA,2019-03-14 14:25:00,NA,1,NA,"No"
"639","17786_2019-03-14",1,"craigens","CP20","CP3",6748,NA,2019-03-14 14:25:00,NA,1,NA,"No"
"640","17790_2019-03-14",1,"craigens","CP20","CP3",6748,NA,2019-03-14 14:25:00,NA,1,NA,"No"
"641","171211_2019-03-14",1,"craigens","CP21","CP3",6748,NA,2019-03-14 14:25:00,NA,1,NA,"No"
"642","PIFO47_2019-03-14",1,"craigens","CP20","CP3",6748,NA,2019-03-14 14:25:00,NA,1,NA,"No"
"643","17806_2019-03-14",1,"craigens","CP21","CP3",6748,NA,2019-03-14 14:25:00,NA,1,NA,"No"
"644","17790_2019-03-14",1,"craigens","CP21","CP3",6748,NA,2019-03-14 14:25:00,NA,1,NA,"No"
"645","17796_2019-03-14",1,"craigens","CP21","CP3",6748,NA,2019-03-14 14:25:00,NA,1,NA,"No"
"646","17786_2019-03-14",1,"craigens","CP21","CP3",6748,NA,2019-03-14 14:25:00,NA,1,NA,"No"
"647","17796_2019-03-15",1,"craigens","AO33","CP3",6752,NA,2019-03-15 13:40:00,NA,1,NA,"No"
"648","17786_2019-03-15",1,"craigens","CP55","CP3",6752,NA,2019-03-15 13:40:00,NA,1,NA,"No"
"649","17786_2019-03-15",1,"craigens","AO32","CP3",6752,NA,2019-03-15 13:40:00,NA,1,NA,"No"
"650","17790_2019-03-15",1,"craigens","CP20","CP3",6752,NA,2019-03-15 13:40:00,NA,1,NA,"No"
"651","17806_2019-03-15",1,"craigens","AO33","CP3",6752,NA,2019-03-15 13:40:00,NA,1,NA,"No"
"652","17796_2019-03-15",1,"craigens","CP20","CP3",6752,NA,2019-03-15 13:40:00,NA,1,NA,"No"
"653","17790_2019-03-15",1,"craigens","AO33","CP3",6752,NA,2019-03-15 13:40:00,NA,1,NA,"No"
"654","PIFO47_2019-03-15",1,"craigens","CP20","CP3",6752,NA,2019-03-15 13:40:00,NA,1,NA,"No"
"655","UCOL35_2019-03-15",1,"craigens","AO33","CP3",6752,NA,2019-03-15 13:40:00,NA,1,NA,"No"
"656","17790_2019-03-15",1,"craigens","AO32","CP3",6752,NA,2019-03-15 13:40:00,NA,1,NA,"No"
"657","17806_2019-03-15",1,"craigens","CP55","CP3",6752,NA,2019-03-15 13:40:00,NA,1,NA,"No"
"658","17796_2019-03-15",1,"craigens","CP55","CP3",6752,NA,2019-03-15 13:40:00,NA,1,NA,"No"
"659","17790_2019-03-15",1,"craigens","CP55","CP3",6752,NA,2019-03-15 13:40:00,NA,1,NA,"No"
"660","WHIT17_2019-03-16",1,"ballivicar","BV31","BV22",6761,NA,2019-03-16 12:52:00,NA,5,NA,"No"
"661","WHIT10_2019-03-16",1,"ballivicar","BV22","BV22",6761,NA,2019-03-16 12:52:00,NA,5,NA,"Yes"
"662","WHIT16_2019-03-19",1,"coull","BB26","BB6",6771,NA,2019-03-19 14:29:00,NA,1,NA,"No"
"663","WHIT16_2019-03-22",1,"coull","BB6","BB6",6775,NA,2019-03-22 14:40:00,NA,1,NA,"Yes"
"664","WHIT16_2019-03-22",1,"coull","BB7","BB6",6775,NA,2019-03-22 14:40:00,NA,1,NA,"No"
"665","17790_2019-03-25",1,"craigens","CP1","CP55",6780,NA,2019-03-25 14:14:00,NA,1,NA,"No"
"666","17806_2019-03-25",1,"craigens","CP1","CP55",6780,NA,2019-03-25 14:14:00,NA,1,NA,"No"
"667","17786_2019-03-25",1,"craigens","CP1","CP55",6780,NA,2019-03-25 14:14:00,NA,1,NA,"No"
"668","171211_2019-03-25",1,"craigens","CP1","CP55",6780,NA,2019-03-25 14:14:00,NA,1,NA,"No"
"669","17796_2019-03-25",1,"craigens","CP1","CP55",6780,NA,2019-03-25 14:14:00,NA,1,NA,"No"
"670","PIFO47_2019-03-25",1,"craigens","CP1","CP55",6780,NA,2019-03-25 14:14:00,NA,1,NA,"No"
"671","UCOL35_2019-03-25",1,"craigens","CP1","CP55",6780,NA,2019-03-25 14:14:00,NA,1,NA,"No"
"672","17806_2019-03-25",1,"craigens","AO33","CP55",6780,NA,2019-03-25 14:14:00,NA,1,NA,"No"
"673","17786_2019-03-25",1,"craigens","AO55","CP55",6780,NA,2019-03-25 14:14:00,NA,1,NA,"No"
"674","17796_2019-03-25",1,"craigens","AO32","CP55",6780,NA,2019-03-25 14:14:00,NA,1,NA,"No"
"675","UCOL35_2019-03-25",1,"craigens","CP2","CP55",6780,NA,2019-03-25 14:14:00,NA,1,NA,"No"
"676","17790_2019-03-25",1,"craigens","AO33","CP55",6780,NA,2019-03-25 14:14:00,NA,1,NA,"No"
"677","17806_2019-03-25",1,"craigens","CP2","CP55",6780,NA,2019-03-25 14:14:00,NA,1,NA,"No"
"678","171211_2019-03-25",1,"craigens","CP2","CP55",6780,NA,2019-03-25 14:14:00,NA,1,NA,"No"
"679","17796_2019-03-25",1,"craigens","AO33","CP55",6780,NA,2019-03-25 14:14:00,NA,1,NA,"No"
"680","WHIT16_2019-03-29",1,"ballinaby","BB6","BB7",6792,NA,2019-03-29 11:20:00,NA,5,NA,"No"
"681","17796_2019-03-29",1,"craigens","CP1","CP3",6793,NA,2019-03-29 11:35:00,NA,1,NA,"No"
"682","17786_2019-03-29",1,"craigens","CP1","CP3",6793,NA,2019-03-29 11:35:00,NA,1,NA,"No"
"683","171211_2019-03-29",1,"craigens","CP1","CP3",6793,NA,2019-03-29 11:35:00,NA,1,NA,"No"
"684","17790_2019-03-29",1,"craigens","CP1","CP3",6793,NA,2019-03-29 11:35:00,NA,1,NA,"No"
"685","17806_2019-03-29",1,"craigens","CP1","CP3",6793,NA,2019-03-29 11:35:00,NA,1,NA,"No"
"686","171211_2019-03-29",1,"craigens","CP20","CP3",6793,NA,2019-03-29 11:35:00,NA,1,NA,"No"
"687","17796_2019-03-29",1,"craigens","CP2","CP3",6793,NA,2019-03-29 11:35:00,NA,1,NA,"No"
"688","PIFO47_2019-03-29",1,"craigens","CP2","CP3",6793,NA,2019-03-29 11:35:00,NA,1,NA,"No"
"689","UCOL35_2019-03-29",1,"craigens","CP2","CP3",6793,NA,2019-03-29 11:35:00,NA,1,NA,"No"
"690","17790_2019-03-29",1,"craigens","CP2","CP3",6793,NA,2019-03-29 11:35:00,NA,1,NA,"No"
"691","17806_2019-03-29",1,"craigens","CP20","CP3",6793,NA,2019-03-29 11:35:00,NA,1,NA,"No"
"692","17786_2019-03-29",1,"craigens","CP20","CP3",6793,NA,2019-03-29 11:35:00,NA,1,NA,"No"
"693","17790_2019-03-29",1,"craigens","CP20","CP3",6793,NA,2019-03-29 11:35:00,NA,1,NA,"No"
"694","17806_2019-03-29",1,"craigens","CP2","CP3",6793,NA,2019-03-29 11:35:00,NA,1,NA,"No"
"695","17786_2019-03-29",1,"craigens","CP2","CP3",6793,NA,2019-03-29 11:35:00,NA,1,NA,"No"
"696","PIFO30.2_2019-11-04",1,"craigens","AO26","CP56",6798,NA,2019-11-04 11:45:00,NA,1,NA,"No"
"697","17790_2019-11-04",1,"craigens","AO26","CP56",6798,NA,2019-11-04 11:45:00,NA,1,NA,"No"
"698","PIFO47_2019-11-04",1,"craigens","CP57","CP56",6798,NA,2019-11-04 11:45:00,NA,1,NA,"No"
"699","PIFO30.2_2019-11-04",1,"craigens","CP57","CP56",6798,NA,2019-11-04 11:45:00,NA,1,NA,"No"
"700","17790_2019-11-04",1,"craigens","CP57","CP56",6798,NA,2019-11-04 11:45:00,NA,1,NA,"No"
"701","17790_2019-11-04",1,"craigens","CP4","CP56",6798,NA,2019-11-04 11:45:00,NA,1,NA,"No"
"702","CLEG04_2019-11-04",1,"ballinaby","BB19","BB6",6799,NA,2019-11-04 12:45:00,NA,1,NA,"No"
"703","WHIT16_2019-11-04",1,"ballinaby","BB8","BB6",6799,NA,2019-11-04 12:45:00,NA,1,NA,"No"
"704","WHIT16_2019-11-04",1,"ballinaby","BB19","BB6",6799,NA,2019-11-04 12:45:00,NA,1,NA,"No"
"705","CLEG04_2019-11-06",1,"ballinaby","BB6","BB6",6803,NA,2019-11-06 14:40:00,NA,1,NA,"Yes"
"706","WHIT16_2019-11-06",1,"ballinaby","BB6","BB6",6803,NA,2019-11-06 14:40:00,NA,1,NA,"Yes"
"707","17782_2019-11-06",1,"ronnachmore","LN25","CT32",6805,NA,2019-11-06 15:40:00,NA,1,NA,"No"
"708","CLEG04_2019-11-06",1,"ballinaby","BB19","BB6",6803,NA,2019-11-06 14:40:00,NA,1,NA,"No"
"709","WHIT16_2019-11-06",1,"ballinaby","BB19","BB6",6803,NA,2019-11-06 14:40:00,NA,1,NA,"No"
"710","17782_2019-11-06",1,"ronnachmore","CT11","CT32",6805,NA,2019-11-06 15:40:00,NA,1,NA,"No"
"711","CLEG04_2019-11-07",1,"ballinaby","BB7","BB6",6807,NA,2019-11-07 11:20:00,NA,2,NA,"No"
"712","WHIT16_2019-11-07",1,"ballinaby","BB7","BB6",6807,NA,2019-11-07 11:20:00,NA,2,NA,"No"
"713","WHIT16_2019-11-07",1,"ballinaby","BB19","BB6",6807,NA,2019-11-07 11:20:00,NA,2,NA,"No"
"714","CLEG04_2019-11-07",1,"ballinaby","BB19","BB6",6807,NA,2019-11-07 11:20:00,NA,2,NA,"No"
"715","PIFO47_2019-11-07",1,"craigens","CP51","CP56",6809,NA,2019-11-07 12:10:00,NA,2,NA,"No"
"716","WHIT16_2019-11-08",1,"ballinaby","BB7","BB6",6812,NA,2019-11-08 11:15:00,NA,1,NA,"No"
"717","WHIT16_2019-11-08",1,"ballinaby","BB19","BB6",6812,NA,2019-11-08 11:15:00,NA,1,NA,"No"
"718","CLEG04_2019-11-08",1,"ballinaby","BB19","BB6",6812,NA,2019-11-08 11:15:00,NA,1,NA,"No"
"719","PIFO30.2_2019-11-09",1,"craigens","CP51","CP10",6815,NA,2019-11-09 12:10:00,NA,1,NA,"No"
"720","PIFO47_2019-11-09",1,"craigens","CP1","CP10",6815,NA,2019-11-09 12:10:00,NA,1,NA,"No"
"721","17782_2019-11-09",1,"ronnachmore","CT5","CT8",6816,NA,2019-11-09 15:10:00,NA,1,NA,"No"
"722","17782_2019-11-09",1,"ronnachmore","CT4","CT8",6816,NA,2019-11-09 15:10:00,NA,1,NA,"No"
"723","17790_2019-11-11",1,"craigens","CP51","CP56",6818,NA,2019-11-11 11:05:00,NA,1,NA,"No"
"724","PIFO30.2_2019-11-11",1,"craigens","CP5","CP56",6818,NA,2019-11-11 11:05:00,NA,1,NA,"No"
"725","17790_2019-11-12",1,"craigens","CP1","CP10",6823,NA,2019-11-12 14:15:00,NA,1,NA,"No"
"726","17782_2019-11-14",1,"ronnachmore","CT7","RM23",6827,NA,2019-11-14 11:55:00,NA,1,NA,"No"
"727","WHIT16_2019-11-14",1,"ballinaby","BB6","BB7",6828,NA,2019-11-14 14:30:00,NA,1,NA,"No"
"728","17790_2019-11-18",1,"craigens","CP3","CP10",6832,NA,2019-11-18 15:45:00,NA,1,NA,"No"
"729","PIFO47_2019-11-18",1,"craigens","CP3","CP10",6832,NA,2019-11-18 15:45:00,NA,1,NA,"No"
"730","CLEG04_2019-11-18",1,"coull","BB6","BB6",6831,NA,2019-11-18 15:10:00,NA,1,NA,"Yes"
"731","WHIT16_2019-11-18",1,"coull","BB6","BB6",6831,NA,2019-11-18 15:10:00,NA,1,NA,"Yes"
"732","17824_2019-11-19",1,"leorin","LR8","LR6",6835,NA,2019-11-19 12:55:00,NA,16,NA,"No"
"733","UCOL31_2019-11-19",1,"leorin",NA,"LR6",6835,NA,2019-11-19 12:55:00,NA,16,NA,"No"
"734","WHIT12_2019-11-19",1,"leorin","LR16","LR6",6835,NA,2019-11-19 12:55:00,NA,16,NA,"No"
"735","WHIT12_2019-11-19",1,"leorin","LR12","LR6",6835,NA,2019-11-19 12:55:00,NA,16,NA,"No"
"736","17790_2019-11-19",1,"craigens","CP3","CP58",6836,NA,2019-11-19 14:40:00,NA,1,NA,"No"
"737","CLEG04_2019-11-19",1,"ballinaby","BB3","BB7",6837,NA,2019-11-19 15:10:00,NA,1,NA,"No"
"738","WHIT16_2019-11-19",1,"ballinaby","BB23","BB7",6837,NA,2019-11-19 15:10:00,NA,1,NA,"No"
"739","PIFO47_2019-11-19",1,"craigens","CP3","CP58",6836,NA,2019-11-19 14:40:00,NA,1,NA,"No"
"740","WHIT16_2019-11-19",1,"ballinaby","BB3","BB7",6837,NA,2019-11-19 15:10:00,NA,1,NA,"No"
"741","17782_2019-11-28",1,"ronnachmore","CT8","RM23",6857,NA,2019-11-28 10:30:00,NA,11,NA,"No"
"742","PIFO30.2_2019-11-29",1,"craigens","CP3","CP58",6865,NA,2019-11-29 13:43:00,NA,1,NA,"No"
"743","17790_2019-11-29",1,"craigens","CP3","CP58",6865,NA,2019-11-29 13:43:00,NA,1,NA,"No"
"744","PIFO47_2019-11-29",1,"craigens","CP3","CP58",6865,NA,2019-11-29 13:43:00,NA,1,NA,"No"
"745","WHIT12_2019-11-29",1,"leorin","LR2","LR6",6867,NA,2019-11-29 15:16:00,NA,3,NA,"No"
"746","WHIT12_2019-11-30",1,"kintra","LR12","LR6",6871,NA,2019-11-30 13:24:00,NA,1,NA,"No"
"747","17790_2019-11-30",1,"craigens","CP3","CP56",6873,NA,2019-11-30 14:36:00,NA,1,NA,"No"
"748","WHIT12_2019-12-03",1,"leorin","LR4","LR14",6878,NA,2019-12-03 12:10:00,NA,10,NA,"No"
"749","PIFO30.2_2019-12-06",1,"craigens","CP4","CP10",6885,NA,2019-12-06 12:50:00,NA,1,NA,"No"
"750","CLEG04_2019-12-12",1,"coull","BB19","BB6",6898,NA,2019-12-12 09:40:00,NA,1,NA,"No"
"751","17782_2019-12-13",1,"ronnachmore","CT7","CT8",6901,NA,2019-12-13 12:45:00,NA,1,NA,"No"
"752","CLEG04_2020-01-20",1,"ballinaby","BB6","BB7",6994,NA,2020-01-20 08:30:00,NA,1,NA,"No"
"753","WHIT12_2020-02-10",1,"leorin","LR5","LR14",7049,NA,2020-02-10 11:15:00,NA,12,NA,"No"
"754","17761_2020-02-12",1,"craigens","CP20","CP10",7058,NA,2020-02-12 16:20:00,NA,14,NA,"No"
"755","17800_2020-02-12",1,"craigens","CP2","CP10",7058,NA,2020-02-12 16:20:00,NA,14,NA,"No"
"756","17800_2020-02-12",1,"craigens","CP20","CP10",7058,NA,2020-02-12 16:20:00,NA,14,NA,"No"
"757","17786_2020-02-15",1,"keills","KL27","KL6",7070,NA,2020-02-15 12:05:00,NA,2,NA,"No"
"758","17790_2020-02-15",1,"lyrabus","CP25","LY30",7072,NA,2020-02-15 14:45:00,NA,16,NA,"No"
"759","17761_2020-02-17",1,"craigens","AO33","CP9",7078,NA,2020-02-17 16:10:00,NA,19,NA,"No"
"760","17800_2020-02-17",1,"craigens","AO33","CP9",7078,NA,2020-02-17 16:10:00,NA,19,NA,"No"
"761","PIFO60_2020-02-17",1,"craigens","CP20","CP9",7078,NA,2020-02-17 16:10:00,NA,19,NA,"No"
"762","17761_2020-02-17",1,"craigens","CP2","CP9",7078,NA,2020-02-17 16:10:00,NA,19,NA,"No"
"763","17790_2020-02-17",1,"craigens","CP20","CP9",7078,NA,2020-02-17 16:10:00,NA,19,NA,"No"
"764","17800_2020-02-17",1,"craigens","CP20","CP9",7078,NA,2020-02-17 16:10:00,NA,19,NA,"No"
"765","17761_2020-02-17",1,"craigens","CP20","CP9",7078,NA,2020-02-17 16:10:00,NA,19,NA,"No"
"766","17790_2020-02-17",1,"craigens","AO33","CP9",7078,NA,2020-02-17 16:10:00,NA,19,NA,"No"
"767","17790_2020-02-18",1,"craigens","CP20","CP10",7084,NA,2020-02-18 16:10:00,NA,13,NA,"No"
"768","17790_2020-02-18",1,"craigens","AO33","CP10",7084,NA,2020-02-18 16:10:00,NA,13,NA,"No"
"769","17800_2020-02-18",1,"craigens","CP1","CP10",7084,NA,2020-02-18 16:10:00,NA,13,NA,"No"
"770","17761_2020-02-18",1,"craigens","AO33","CP10",7084,NA,2020-02-18 16:10:00,NA,13,NA,"No"
"771","17790_2020-02-18",1,"craigens","CP1","CP10",7084,NA,2020-02-18 16:10:00,NA,13,NA,"No"
"772","PIFO60_2020-02-18",1,"craigens","AO33","CP10",7084,NA,2020-02-18 16:10:00,NA,13,NA,"No"
"773","17761_2020-02-18",1,"craigens","CP2","CP10",7084,NA,2020-02-18 16:10:00,NA,13,NA,"No"
"774","17790_2020-02-18",1,"craigens","AO32","CP10",7084,NA,2020-02-18 16:10:00,NA,13,NA,"No"
"775","17790_2020-02-21",1,"craigens","AO55","CP5",7100,NA,2020-02-21 14:30:00,NA,8,NA,"No"
"776","17790_2020-02-21",1,"craigens","AO32","CP5",7100,7101,2020-02-21 14:30:00,2020-02-21 14:35:00,8,1,"No"
"777","17790_2020-02-21",1,"craigens","AO33","CP5",7100,NA,2020-02-21 14:30:00,NA,8,NA,"No"
"778","17792_2020-02-28",1,"craigens","AO33","CP55",7129,NA,2020-02-28 10:30:00,NA,3,NA,"No"
"779","17792_2020-02-28",1,"craigens","CP20","CP55",7129,NA,2020-02-28 10:30:00,NA,3,NA,"No"
"780","17801_2020-02-29",1,"coull","BB7","BB6",7140,NA,2020-02-29 16:30:00,NA,11,NA,"No"
"781","190292_2020-02-29",1,"coull","BB7","BB6",7140,NA,2020-02-29 16:30:00,NA,11,NA,"No"
"782","190295.2_2020-02-29",1,"coull","BB7","BB6",7140,NA,2020-02-29 16:30:00,NA,11,NA,"No"
"783","190292_2020-02-29",1,"coull","BB9","BB6",7140,NA,2020-02-29 16:30:00,NA,11,NA,"No"
"784","190295.2_2020-02-29",1,"coull","BB9","BB6",7140,NA,2020-02-29 16:30:00,NA,11,NA,"No"
"785","17801_2020-02-29",1,"coull","BB9","BB6",7140,NA,2020-02-29 16:30:00,NA,11,NA,"No"
"786","190294_2020-03-02",1,"lyrabus","CP28","LY30",7144,NA,2020-03-02 09:50:00,NA,4,NA,"No"
"787","193087_2020-03-02",1,"lyrabus","LY23","LY30",7144,NA,2020-03-02 09:50:00,NA,4,NA,"No"
"788","17792_2020-03-02",1,"lyrabus","CP25","LY30",7144,NA,2020-03-02 09:50:00,NA,4,NA,"No"
"789","17790_2020-03-02",1,"lyrabus","CP28","LY30",7144,NA,2020-03-02 09:50:00,NA,4,NA,"No"
"790","17792_2020-03-02",1,"lyrabus","CP28","LY30",7144,NA,2020-03-02 09:50:00,NA,4,NA,"No"
"791","17759_2020-03-02",1,"craigens","AO33","CP55",7145,NA,2020-03-02 10:10:00,NA,10,NA,"No"
"792","190294_2020-03-02",1,"lyrabus","CP25","LY30",7144,NA,2020-03-02 09:50:00,NA,4,NA,"No"
"793","190294_2020-03-02",1,"craigens","CP1","CP55",7145,NA,2020-03-02 10:10:00,NA,10,NA,"No"
"794","190294_2020-03-02",1,"craigens","AO33","CP55",7145,NA,2020-03-02 10:10:00,NA,10,NA,"No"
"795","17759_2020-03-02",1,"craigens","AO55","CP55",7145,NA,2020-03-02 10:10:00,NA,10,NA,"No"
"796","193087_2020-03-04",1,"craigens","CP1","CP10",7156,NA,2020-03-04 11:20:00,NA,3,NA,"No"
"797","190294_2020-03-05",1,"craigens","CP1","CP55",7160,NA,2020-03-05 10:30:00,NA,1,NA,"No"
"798","17759_2020-03-05",1,"craigens","AO33","CP55",7160,NA,2020-03-05 10:30:00,NA,1,NA,"No"
"799","17759_2020-03-05",1,"craigens","CP1","CP55",7160,NA,2020-03-05 10:30:00,NA,1,NA,"No"
"800","17800_2020-03-05",1,"craigens","AO33","CP55",7160,NA,2020-03-05 10:30:00,NA,1,NA,"No"
"801","17761_2020-03-05",1,"craigens","CP20","CP55",7160,NA,2020-03-05 10:30:00,NA,1,NA,"No"
"802","PIFO32_2020-03-05",1,"craigens","AO33","CP55",7160,NA,2020-03-05 10:30:00,NA,1,NA,"No"
"803","17761_2020-03-05",1,"craigens","AO33","CP55",7160,NA,2020-03-05 10:30:00,NA,1,NA,"No"
"804","17782_2020-03-06",1,"ronnachmore","CT6","RM23",7165,NA,2020-03-06 13:00:00,NA,9,NA,"No"
"805","17807_2020-03-06",1,"ronnachmore","CT6","RM23",7165,NA,2020-03-06 13:00:00,NA,9,NA,"No"
"806","190292_2020-03-07",1,"ballinaby","GG4","LK15",7173,NA,2020-03-07 16:10:00,NA,8,NA,"No"
"807","190291_2020-03-07",1,"ballinaby","GG4","LK15",7173,NA,2020-03-07 16:10:00,NA,8,NA,"No"
"808","190295.2_2020-03-07",1,"ballinaby","GG3","LK15",7173,NA,2020-03-07 16:10:00,NA,8,NA,"No"
"809","17801_2020-03-07",1,"ballinaby","GG4","LK15",7173,NA,2020-03-07 16:10:00,NA,8,NA,"No"
"810","193088_2020-03-07",1,"ballinaby","GG7","LK15",7173,NA,2020-03-07 16:10:00,NA,8,NA,"No"
"811","190295.2_2020-03-07",1,"ballinaby","GG4","LK15",7173,NA,2020-03-07 16:10:00,NA,8,NA,"No"
"812","17801_2020-03-07",1,"ballinaby","GG3","LK15",7173,NA,2020-03-07 16:10:00,NA,8,NA,"No"
"813","193088_2020-03-07",1,"ballinaby","GG3","LK15",7173,NA,2020-03-07 16:10:00,NA,8,NA,"No"
"814","190291_2020-03-07",1,"ballinaby","GG5","LK15",7173,NA,2020-03-07 16:10:00,NA,8,NA,"No"
"815","193088_2020-03-07",1,"ballinaby","GG4","LK15",7173,NA,2020-03-07 16:10:00,NA,8,NA,"No"
"816","190295.2_2020-03-07",1,"ballinaby","GG5","LK15",7173,NA,2020-03-07 16:10:00,NA,8,NA,"No"
"817","190291_2020-03-07",1,"ballinaby","GG3","LK15",7173,NA,2020-03-07 16:10:00,NA,8,NA,"No"
"818","190292_2020-03-07",1,"ballinaby","GG5","LK15",7173,NA,2020-03-07 16:10:00,NA,8,NA,"No"
"819","WHIT12_2020-03-09",1,"leorin","LR4","LR6",7174,NA,2020-03-09 11:00:00,NA,6,NA,"No"
"820","190294_2020-03-09",1,"craigens","CP5","CP56",7176,NA,2020-03-09 14:20:00,NA,1,NA,"No"
"821","17800_2020-03-09",1,"craigens","CP10","CP56",7176,NA,2020-03-09 14:20:00,NA,1,NA,"No"
"822","17761_2020-03-09",1,"craigens","CP10","CP56",7176,NA,2020-03-09 14:20:00,NA,1,NA,"No"
"823","17800_2020-03-09",1,"craigens","CP4","CP56",7176,NA,2020-03-09 14:20:00,NA,1,NA,"No"
"824","17761_2020-03-09",1,"craigens","CP4","CP56",7176,NA,2020-03-09 14:20:00,NA,1,NA,"No"
"825","PIFO32_2020-03-09",1,"craigens","CP4","CP56",7176,NA,2020-03-09 14:20:00,NA,1,NA,"No"
"826","PIFO60_2020-03-09",1,"craigens","CP10","CP56",7176,NA,2020-03-09 14:20:00,NA,1,NA,"No"
"827","190291_2020-03-11",1,"ballinaby","BB6","BB7",7182,NA,2020-03-11 11:25:00,NA,1,NA,"No"
"828","190291_2020-03-11",1,"ballinaby","BB7","BB7",7182,NA,2020-03-11 11:25:00,NA,1,NA,"Yes"
"829","17790_2020-03-11",1,"uiskentuie","LY30","LY21",7184,NA,2020-03-11 11:55:00,NA,1,NA,"No"
"830","17792_2020-03-11",1,"uiskentuie","LY30","LY21",7184,NA,2020-03-11 11:55:00,NA,1,NA,"No"
"831","193087_2020-03-11",1,"uiskentuie","LY21","LY21",7184,NA,2020-03-11 11:55:00,NA,1,NA,"Yes"
"832","17792_2020-03-11",1,"uiskentuie","LY21","LY21",7184,NA,2020-03-11 11:55:00,NA,1,NA,"Yes"
"833","17790_2020-03-11",1,"uiskentuie","LY31","LY21",7184,NA,2020-03-11 11:55:00,NA,1,NA,"No"
"834","17792_2020-03-11",1,"uiskentuie","LY31","LY21",7184,NA,2020-03-11 11:55:00,NA,1,NA,"No"
"835","PIFO02_2020-03-11",1,"uiskentuie","LY30","LY21",7184,NA,2020-03-11 11:55:00,NA,1,NA,"No"
"836","WHIT02_2020-03-12",1,"island farm",NA,"LN3",7185,NA,2020-03-12 12:30:00,NA,4,NA,"No"
"837","17801_2020-03-12",1,"ballinaby","LK11","LK15",7186,NA,2020-03-12 13:35:00,NA,1,NA,"No"
"838","190291_2020-03-12",1,"ballinaby","LK11","LK15",7186,NA,2020-03-12 13:35:00,NA,1,NA,"No"
"839","190295.2_2020-03-12",1,"ballinaby","LK11","LK15",7186,NA,2020-03-12 13:35:00,NA,1,NA,"No"
"840","193088_2020-03-12",1,"ballinaby","LK11","LK15",7186,NA,2020-03-12 13:35:00,NA,1,NA,"No"
"841","190292_2020-03-12",1,"ballinaby","LK11","LK15",7186,NA,2020-03-12 13:35:00,NA,1,NA,"No"
"842","17801_2020-03-12",1,"ballinaby","LK7","LK15",7186,NA,2020-03-12 13:35:00,NA,1,NA,"No"
"843","190295.2_2020-03-12",1,"ballinaby","LK7","LK15",7186,NA,2020-03-12 13:35:00,NA,1,NA,"No"
"844","190291_2020-03-12",1,"ballinaby","LK7","LK15",7186,NA,2020-03-12 13:35:00,NA,1,NA,"No"
"845","193088_2020-03-12",1,"ballinaby","LK8","LK15",7186,NA,2020-03-12 13:35:00,NA,1,NA,"No"
"846","190295.2_2020-03-13",1,"ballinaby","LK13","LK15",7189,NA,2020-03-13 16:15:00,NA,2,NA,"No"
"847","190292_2020-03-13",1,"ballinaby","LK11","LK15",7189,NA,2020-03-13 16:15:00,NA,2,NA,"No"
"848","193088_2020-03-13",1,"ballinaby","LK11","LK15",7189,NA,2020-03-13 16:15:00,NA,2,NA,"No"
"849","190295.2_2020-03-13",1,"ballinaby","LK11","LK15",7189,NA,2020-03-13 16:15:00,NA,2,NA,"No"
"850","17801_2020-03-13",1,"ballinaby","BB7","BB7",7190,NA,2020-03-13 16:30:00,NA,1,NA,"Yes"
"851","190291_2020-03-13",1,"ballinaby","BB7","BB7",7190,NA,2020-03-13 16:30:00,NA,1,NA,"Yes"
"852","190295.2_2020-03-13",1,"ballinaby","LK36","LK15",7189,NA,2020-03-13 16:15:00,NA,2,NA,"No"
"853","17801_2020-03-13",1,"ballinaby","LK11","LK15",7189,NA,2020-03-13 16:15:00,NA,2,NA,"No"
"854","193088_2020-03-13",1,"ballinaby","LK8","LK15",7189,NA,2020-03-13 16:15:00,NA,2,NA,"No"
"855","17801_2020-03-14",1,"ballinaby","LK11","LK15",7191,NA,2020-03-14 09:25:00,NA,1,NA,"No"
"856","190295.2_2020-03-14",1,"ballinaby","LK11","LK15",7191,NA,2020-03-14 09:25:00,NA,1,NA,"No"
"857","190292_2020-03-14",1,"ballinaby","LK11","LK15",7191,NA,2020-03-14 09:25:00,NA,1,NA,"No"
"858","CLEG04_2020-03-14",1,"ballinaby","LK11","LK15",7191,NA,2020-03-14 09:25:00,NA,1,NA,"No"
"859","190291_2020-03-14",1,"ballinaby","BB7","BB7",7192,NA,2020-03-14 10:35:00,NA,24,NA,"Yes"
"860","193088_2020-03-14",1,"ballinaby","LK15","LK15",7191,NA,2020-03-14 09:25:00,NA,1,NA,"Yes"
"861","190291_2020-03-14",1,"ballinaby","BB6","BB7",7192,NA,2020-03-14 10:35:00,NA,24,NA,"No"
"862","193088_2020-03-14",1,"ballinaby","LK11","LK15",7191,NA,2020-03-14 09:25:00,NA,1,NA,"No"
"863","190291_2020-03-14",1,"ballinaby","LK8","LK15",7191,NA,2020-03-14 09:25:00,NA,1,NA,"No"
"864","17786_2020-03-14",1,"auchnaclach","KL17","MR5",7195,NA,2020-03-14 14:00:00,NA,14,NA,"No"
"865","190295.2_2020-03-16",1,"ballinaby","LK29","LK15",7200,NA,2020-03-16 15:45:00,NA,1,NA,"No"
"866","190292_2020-03-16",1,"ballinaby","LK29","LK15",7200,NA,2020-03-16 15:45:00,NA,1,NA,"No"
"867","17801_2020-03-16",1,"ballinaby","LK29","LK15",7200,NA,2020-03-16 15:45:00,NA,1,NA,"No"
"868","193088_2020-03-16",1,"ballinaby","LK29","LK15",7200,NA,2020-03-16 15:45:00,NA,1,NA,"No"
"869","190291_2020-03-16",1,"ballinaby","LK29","LK15",7200,NA,2020-03-16 15:45:00,NA,1,NA,"No"
"870","193088_2020-03-16",1,"ballinaby","LK7","LK15",7200,NA,2020-03-16 15:45:00,NA,1,NA,"No"
"871","193088_2020-03-19",1,"ballinaby","GG41","LK15",7201,NA,2020-03-19 08:00:00,NA,1,NA,"No"
"872","193088_2020-03-19",1,"ballinaby","GG11","LK15",7201,NA,2020-03-19 08:00:00,NA,1,NA,"No"
"873","17807_2020-03-20",1,"ronnachmore","CT7","RM23",7205,NA,2020-03-20 12:30:00,NA,2,NA,"No"
"874","17782_2020-03-20",1,"ronnachmore","CT8","RM23",7205,NA,2020-03-20 12:30:00,NA,2,NA,"No"
"875","17807_2020-03-20",1,"ronnachmore","CT8","RM23",7205,NA,2020-03-20 12:30:00,NA,2,NA,"No"
"876","17782_2020-03-20",1,"ronnachmore","CT6","RM23",7205,NA,2020-03-20 12:30:00,NA,2,NA,"No"
"877","17807_2020-03-20",1,"ronnachmore","CT6","RM23",7205,NA,2020-03-20 12:30:00,NA,2,NA,"No"
"878","17761_2020-03-20",1,"uiskentuie","CP25","LY30",7207,NA,2020-03-20 15:35:00,NA,21,NA,"No"
"879","17790_2020-03-20",1,"uiskentuie","CP25","LY30",7207,NA,2020-03-20 15:35:00,NA,21,NA,"No"
"880","17800_2020-03-20",1,"uiskentuie","CP25","LY30",7207,NA,2020-03-20 15:35:00,NA,21,NA,"No"
"881","17792_2020-03-20",1,"uiskentuie","CP25","LY30",7207,NA,2020-03-20 15:35:00,NA,21,NA,"No"
"882","17759_2020-03-20",1,"uiskentuie","CP25","LY30",7207,NA,2020-03-20 15:35:00,NA,21,NA,"No"
"883","193086_2020-03-20",1,"uiskentuie","CP25","LY30",7207,NA,2020-03-20 15:35:00,NA,21,NA,"No"
"884","WHIT16_2020-03-23",1,"coull","BB6","BB6",7213,NA,2020-03-23 10:00:00,NA,14,NA,"Yes"
"885","CLEG04_2020-03-23",1,"coull","BB19","BB6",7213,NA,2020-03-23 10:00:00,NA,14,NA,"No"
"886","PIFO60_2020-11-05",1,"craigens","CP55","CP56",7222,NA,2020-11-05 15:35:00,NA,1,NA,"No"
"887","17790_2020-11-05",1,"craigens","AO27","CP56",7222,NA,2020-11-05 15:35:00,NA,1,NA,"No"
"888","PIFO60_2020-11-05",1,"craigens","AO32","CP56",7222,NA,2020-11-05 15:35:00,NA,1,NA,"No"
"889","PIFO60_2020-11-07",1,"craigens","CP4","CP56",7228,NA,2020-11-07 13:00:00,NA,1,NA,"No"
"890","PIFO60_2020-11-07",1,"craigens","AO26","CP56",7228,NA,2020-11-07 13:00:00,NA,1,NA,"No"
"891","190295.2_2020-11-13",1,"ballinaby","BB5","BB7",7241,NA,2020-11-13 08:30:00,NA,1,NA,"No"
"892","PIFO60_2020-11-13",1,"craigens","CP4","CP51",7243,NA,2020-11-13 16:00:00,NA,1,NA,"No"
"893","17801_2020-11-14",1,"ballinaby","BB6","BB7",7244,NA,2020-11-14 08:30:00,NA,1,NA,"No"
"894","190295.2_2020-11-14",1,"ballinaby","BB6","BB7",7244,NA,2020-11-14 08:30:00,NA,1,NA,"No"
"895","CLEG04_2020-11-14",1,"ballinaby","BB6","BB7",7244,NA,2020-11-14 08:30:00,NA,1,NA,"No"
"896","190291_2020-11-14",1,"ballinaby","BB5","BB7",7244,NA,2020-11-14 08:30:00,NA,1,NA,"No"
"897","190291_2020-11-14",1,"ballinaby","BB7","BB7",7244,NA,2020-11-14 08:30:00,NA,1,NA,"Yes"
"898","17807_2020-11-24",1,"ronnachmore","CT33","CT8",7266,NA,2020-11-24 12:45:00,NA,1,NA,"No"
"899","17759_2020-12-03",1,"craigens","CP2","CP51",7285,NA,2020-12-03 11:45:00,NA,1,NA,"No"
"900","190292_2020-12-09",1,"ballinaby","LK8","LK15",7294,NA,2020-12-09 10:20:00,NA,3,NA,"No"
"901","190291_2020-12-09",1,"ballinaby","LK13","LK15",7294,NA,2020-12-09 10:20:00,NA,3,NA,"No"
"902","17807_2020-12-09",1,"ronnachmore","CT23","RM16",7300,NA,2020-12-09 13:25:00,NA,2,NA,"No"
"903","17807_2020-12-09",1,"ronnachmore","CT33","RM16",7300,NA,2020-12-09 13:25:00,NA,2,NA,"No"
"904","WHIT12_2020-12-09",1,"leorin",NA,"LR7",7302,NA,2020-12-09 15:20:00,NA,8,NA,"No"
"905","17759_2020-12-14",1,"craigens","AO33","CP56",7310,NA,2020-12-14 11:35:00,NA,2,NA,"No"
"906","17786_2020-12-18",1,"craigens","CP5","CP51",7315,NA,2020-12-18 11:55:00,NA,4,NA,"No"
"907","17807_2020-12-18",1,"ronnachmore","CT33","RM16",7317,NA,2020-12-18 14:35:00,NA,14,NA,"No"
"908","17807_2020-12-18",1,"ronnachmore","CT18","RM16",7317,NA,2020-12-18 14:35:00,NA,14,NA,"No"
"909","17759_2020-12-21",1,"craigens","AO33","CP51",7324,NA,2020-12-21 11:10:00,NA,12,NA,"No"
"910","PIFO60_2020-12-21",1,"craigens","CP10","CP51",7324,NA,2020-12-21 11:10:00,NA,12,NA,"No"
"911","17807_2020-12-23",1,"ronnachmore","CT6","RM16",7332,NA,2020-12-23 15:15:00,NA,3,NA,"No"
"912","17761_2021-01-06",1,"craigens","CP2","CP7",7346,NA,2021-01-06 10:45:00,NA,1,NA,"No"
"913","17790_2021-01-06",1,"craigens","CP2","CP7",7346,NA,2021-01-06 10:45:00,NA,1,NA,"No"
"914","17761_2021-01-06",1,"craigens","CP20","CP7",7346,NA,2021-01-06 10:45:00,NA,1,NA,"No"
"915","17759_2021-01-06",1,"craigens","CP2","CP7",7346,NA,2021-01-06 10:45:00,NA,1,NA,"No"
"916","17786_2021-01-06",1,"craigens","CP1","CP7",7346,NA,2021-01-06 10:45:00,NA,1,NA,"No"
"917","17759_2021-01-06",1,"craigens","CP5","CP7",7346,NA,2021-01-06 10:45:00,NA,1,NA,"No"
"918","17761_2021-01-06",1,"craigens","CP4","CP7",7346,7347,2021-01-06 10:45:00,2021-01-06 10:45:00,1,1,"No"
"919","17790_2021-01-06",1,"craigens","CP5","CP7",7346,NA,2021-01-06 10:45:00,NA,1,NA,"No"
"920","17790_2021-01-07",1,"craigens","CP21","CP7",7349,NA,2021-01-07 12:00:00,NA,1,NA,"No"
"921","17786_2021-01-07",1,"craigens","CP21","CP7",7349,NA,2021-01-07 12:00:00,NA,1,NA,"No"
"922","17761_2021-01-07",1,"craigens","CP20","CP7",7349,NA,2021-01-07 12:00:00,NA,1,NA,"No"
"923","17790_2021-01-07",1,"craigens","CP2","CP7",7349,NA,2021-01-07 12:00:00,NA,1,NA,"No"
"924","PIFO60_2021-01-07",1,"craigens","CP5","CP7",7349,NA,2021-01-07 12:00:00,NA,1,NA,"No"
"925","17790_2021-01-07",1,"craigens","CP1","CP7",7349,NA,2021-01-07 12:00:00,NA,1,NA,"No"
"926","17759_2021-01-07",1,"craigens","CP1","CP7",7349,NA,2021-01-07 12:00:00,NA,1,NA,"No"
"927","17786_2021-01-07",1,"craigens","CP10","CP7",7349,NA,2021-01-07 12:00:00,NA,1,NA,"No"
"928","17761_2021-01-07",1,"craigens","CP10","CP7",7349,NA,2021-01-07 12:00:00,NA,1,NA,"No"
"929","17790_2021-01-07",1,"craigens","CP5","CP7",7349,NA,2021-01-07 12:00:00,NA,1,NA,"No"
"930","17759_2021-01-11",1,"craigens","CP51","CP56",7360,NA,2021-01-11 15:10:00,NA,5,NA,"No"
"931","17786_2021-01-11",1,"craigens","CP5","CP56",7360,NA,2021-01-11 15:10:00,NA,5,NA,"No"
"932","17807_2021-01-15",1,"ronnachmore","CT6","RM16",7368,NA,2021-01-15 13:45:00,NA,1,NA,"No"
"933","17807_2021-01-15",1,"ronnachmore","CT7","RM16",7368,NA,2021-01-15 13:45:00,NA,1,NA,"No"
"934","17761_2021-01-15",1,"craigens","CP5","CP9",7369,7370,2021-01-15 15:45:00,2021-01-15 15:45:00,1,1,"No"
"935","17790_2021-01-15",1,"craigens","CP5","CP9",7369,7370,2021-01-15 15:45:00,2021-01-15 15:45:00,1,1,"No"
"936","17759_2021-01-15",1,"craigens","CP1","CP9",7369,7370,2021-01-15 15:45:00,2021-01-15 15:45:00,1,1,"No"
"937","17761_2021-01-15",1,"craigens","CP10","CP9",7369,7370,2021-01-15 15:45:00,2021-01-15 15:45:00,1,1,"No"
"938","17790_2021-01-15",1,"craigens","CP10","CP9",7369,7370,2021-01-15 15:45:00,2021-01-15 15:45:00,1,1,"No"
"939","17807_2021-01-18",1,"cruach","CR9","CR21",7382,NA,2021-01-18 14:35:00,NA,1,NA,"No"
"940","17761_2021-01-21",1,"craigens","CP5","CP51",7391,NA,2021-01-21 11:45:00,NA,8,NA,"No"
"941","17790_2021-01-21",1,"craigens","CP20","CP51",7391,NA,2021-01-21 11:45:00,NA,8,NA,"No"
"942","17759_2021-01-21",1,"craigens","CP1","CP51",7391,NA,2021-01-21 11:45:00,NA,8,NA,"No"
"943","17786_2021-01-21",1,"craigens","CP9","CP51",7391,NA,2021-01-21 11:45:00,NA,8,NA,"No"
"944","PIFO60_2021-01-21",1,"craigens","CP2","CP51",7391,NA,2021-01-21 11:45:00,NA,8,NA,"No"
"945","17761_2021-01-21",1,"craigens","CP2","CP51",7391,NA,2021-01-21 11:45:00,NA,8,NA,"No"
"946","17790_2021-01-21",1,"craigens","CP21","CP51",7391,NA,2021-01-21 11:45:00,NA,8,NA,"No"
"947","17786_2021-01-21",1,"craigens","CP51","CP51",7391,NA,2021-01-21 11:45:00,NA,8,NA,"Yes"
"948","17761_2021-01-29",1,"craigens","CP55","CP57",7408,NA,2021-01-29 10:40:00,NA,1,NA,"No"
"949","17790_2021-01-29",1,"craigens","CP51","CP57",7408,NA,2021-01-29 10:40:00,NA,1,NA,"No"
"950","190292_2021-02-01",1,"ballinaby","LK6","BB7",7411,NA,2021-02-01 15:50:00,NA,1,NA,"No"
"951","17761_2021-02-02",1,"craigens","CP59","CP51",7412,NA,2021-02-02 11:55:00,NA,4,NA,"No"
"952","17790_2021-02-02",1,"craigens","CP16","CP51",7412,NA,2021-02-02 11:55:00,NA,4,NA,"No"
"953","17759_2021-02-02",1,"craigens","CP20","CP51",7412,7413,2021-02-02 11:55:00,2021-02-02 12:25:00,4,1,"No"
"954","17786_2021-02-02",1,"craigens","CP9","CP5",7413,NA,2021-02-02 12:25:00,NA,1,NA,"No"
"955","PIFO60_2021-02-02",1,"craigens","CP16","CP51",7412,7413,2021-02-02 11:55:00,2021-02-02 12:25:00,4,1,"No"
"956","17761_2021-02-02",1,"craigens","CP16","CP51",7412,7413,2021-02-02 11:55:00,2021-02-02 12:25:00,4,1,"No"
"957","17790_2021-02-02",1,"craigens","CP16","CP51",7412,7413,2021-02-02 11:55:00,2021-02-02 12:25:00,4,1,"No"
"958","17786_2021-02-02",1,"craigens","CP10","CP51",7412,7413,2021-02-02 11:55:00,2021-02-02 12:25:00,4,1,"No"
"959","17761_2021-02-02",1,"craigens","CP10","CP5",7413,NA,2021-02-02 12:25:00,NA,1,NA,"No"
"960","17790_2021-02-02",1,"craigens","CP16","CP5",7413,NA,2021-02-02 12:25:00,NA,1,NA,"No"
"961","17786_2021-02-04",1,"craigens","CP10","CP9",7415,7416,2021-02-04 13:25:00,2021-02-04 13:25:00,1,10,"No"
"962","17761_2021-02-04",1,"craigens","CP10","CP9",7415,7416,2021-02-04 13:25:00,2021-02-04 13:25:00,1,10,"No"
"963","17790_2021-02-04",1,"craigens","CP16","CP9",7415,7416,2021-02-04 13:25:00,2021-02-04 13:25:00,1,10,"No"
"964","17761_2021-02-04",1,"craigens","CP16","CP9",7415,7416,2021-02-04 13:25:00,2021-02-04 13:25:00,1,10,"No"
"965","17761_2021-02-06",1,"craigens","CP59","CP5",7420,NA,2021-02-06 11:50:00,NA,16,NA,"No"
"966","17790_2021-02-06",1,"craigens","CP3","CP5",7420,NA,2021-02-06 11:50:00,NA,16,NA,"No"
"967","PIFO60_2021-02-11",1,"craigens","CP3","CP8",7429,NA,2021-02-11 13:00:00,NA,1,NA,"No"
"968","17761_2021-02-11",1,"craigens","CP51","CP8",7429,NA,2021-02-11 13:00:00,NA,1,NA,"No"
"969","17786_2021-02-11",1,"craigens","CP3","CP8",7429,NA,2021-02-11 13:00:00,NA,1,NA,"No"
"970","17790_2021-02-11",1,"craigens","CP1","CP8",7429,NA,2021-02-11 13:00:00,NA,1,NA,"No"
"971","17807_2021-02-11",1,"ronnachmore","CT21","CT8",7430,NA,2021-02-11 13:50:00,NA,3,NA,"No"
"972","17786_2021-02-17",1,"craigens","CP5","CP9",7444,NA,2021-02-17 12:15:00,NA,1,NA,"No"
"973","17761_2021-02-17",1,"craigens","CP5","CP9",7444,NA,2021-02-17 12:15:00,NA,1,NA,"No"
"974","PIFO60_2021-02-17",1,"craigens","CP10","CP9",7444,NA,2021-02-17 12:15:00,NA,1,NA,"No"
"975","17761_2021-02-17",1,"craigens","CP10","CP9",7444,NA,2021-02-17 12:15:00,NA,1,NA,"No"
"976","17786_2021-02-17",1,"craigens","CP10","CP9",7444,NA,2021-02-17 12:15:00,NA,1,NA,"No"
"977","17761_2021-02-18",1,"craigens","CP4","CP9",7448,7449,2021-02-18 16:05:00,2021-02-18 16:05:00,1,14,"No"
"978","17790_2021-02-18",1,"craigens","CP1","CP9",7448,7449,2021-02-18 16:05:00,2021-02-18 16:05:00,1,14,"No"
"979","17786_2021-02-18",1,"craigens","CP2","CP9",7448,7449,2021-02-18 16:05:00,2021-02-18 16:05:00,1,14,"No"
"980","17790_2021-02-18",1,"craigens","CP2","CP9",7448,7449,2021-02-18 16:05:00,2021-02-18 16:05:00,1,14,"No"
"981","17761_2021-02-18",1,"craigens","CP10","CP9",7448,7449,2021-02-18 16:05:00,2021-02-18 16:05:00,1,14,"No"
"982","17786_2021-02-18",1,"craigens","CP1","CP9",7448,7449,2021-02-18 16:05:00,2021-02-18 16:05:00,1,14,"No"
"983","17790_2021-02-20",1,"craigens","CP10","CP51",7454,NA,2021-02-20 11:25:00,NA,1,NA,"No"
"984","17759_2021-02-20",1,"craigens","AO33","CP51",7454,NA,2021-02-20 11:25:00,NA,1,NA,"No"
"985","17761_2021-02-20",1,"craigens","CP1","CP51",7454,NA,2021-02-20 11:25:00,NA,1,NA,"No"
"986","17786_2021-02-20",1,"craigens","CP1","CP51",7454,NA,2021-02-20 11:25:00,NA,1,NA,"No"
"987","PIFO60_2021-02-20",1,"craigens","CP1","CP51",7454,NA,2021-02-20 11:25:00,NA,1,NA,"No"
"988","17759_2021-02-20",1,"craigens","CP25","CP51",7454,NA,2021-02-20 11:25:00,NA,1,NA,"No"
"989","17801_2021-02-20",1,"ballinaby","GG34","LK15",7456,NA,2021-02-20 16:15:00,NA,1,NA,"No"
"990","190295.2_2021-02-20",1,"ballinaby","GG34","LK15",7456,NA,2021-02-20 16:15:00,NA,1,NA,"No"
"991","190292_2021-02-22",1,"ballinaby","BB7","BB7",7457,NA,2021-02-22 09:35:00,NA,1,NA,"Yes"
"992","190295.2_2021-02-22",1,"ballinaby","BB10","BB7",7457,NA,2021-02-22 09:35:00,NA,1,NA,"No"
"993","17801_2021-02-22",1,"ballinaby","BB9","BB7",7457,NA,2021-02-22 09:35:00,NA,1,NA,"No"
"994","17801_2021-02-22",1,"ballinaby","BB7","BB7",7457,NA,2021-02-22 09:35:00,NA,1,NA,"Yes"
"995","190295.2_2021-02-22",1,"ballinaby","BB7","BB7",7457,NA,2021-02-22 09:35:00,NA,1,NA,"Yes"
"996","17761_2021-02-23",1,"craigens","CP1","CP51",7459,7460,2021-02-23 10:40:00,2021-02-23 10:45:00,1,1,"No"
"997","17790_2021-02-23",1,"craigens","CP1","CP51",7459,7460,2021-02-23 10:40:00,2021-02-23 10:45:00,1,1,"No"
"998","17759_2021-02-23",1,"craigens","AO55","CP51",7459,NA,2021-02-23 10:40:00,NA,1,NA,"No"
"999","17786_2021-02-23",1,"craigens","CP10","CP51",7459,7460,2021-02-23 10:40:00,2021-02-23 10:45:00,1,1,"No"
"1000","17761_2021-02-23",1,"craigens","CP10","CP51",7459,7460,2021-02-23 10:40:00,2021-02-23 10:45:00,1,1,"No"
"1001","17790_2021-02-23",1,"craigens","CP2","CP51",7459,7460,2021-02-23 10:40:00,2021-02-23 10:45:00,1,1,"No"
"1002","17759_2021-02-23",1,"craigens","CP21","CP51",7459,NA,2021-02-23 10:40:00,NA,1,NA,"No"
"1003","17786_2021-02-23",1,"craigens","CP3","CP51",7459,7460,2021-02-23 10:40:00,2021-02-23 10:45:00,1,1,"No"
"1004","17790_2021-02-23",1,"craigens","CP20","CP51",7459,7460,2021-02-23 10:40:00,2021-02-23 10:45:00,1,1,"No"
"1005","PIFO60_2021-02-24",1,"lyrabus","CP25","LY30",7464,NA,2021-02-24 16:00:00,NA,14,NA,"No"
"1006","17790_2021-02-24",1,"lyrabus","CP25","LY30",7464,NA,2021-02-24 16:00:00,NA,14,NA,"No"
"1007","17761_2021-02-24",1,"lyrabus","CP25","LY30",7464,NA,2021-02-24 16:00:00,NA,14,NA,"No"
"1008","17759_2021-02-24",1,"lyrabus","CP25","LY30",7464,NA,2021-02-24 16:00:00,NA,14,NA,"No"
"1009","17807_2021-03-03",1,"ronnachmore","CT18","RM16",7472,NA,2021-03-03 12:40:00,NA,10,NA,"No"
"1010","PIFO60_2021-03-08",1,"craigens","CP10","CP19",7488,NA,2021-03-08 16:00:00,NA,1,NA,"No"
"1011","WHIT12_2021-03-08",1,"glenegedale lotts","GD5","GD5",7487,NA,2021-03-08 15:15:00,NA,5,NA,"Yes"
"1012","17786_2021-03-08",1,"craigens","CP10","CP19",7488,NA,2021-03-08 16:00:00,NA,1,NA,"No"
"1013","17790_2021-03-08",1,"craigens","CP10","CP19",7488,NA,2021-03-08 16:00:00,NA,1,NA,"No"
"1014","17761_2021-03-08",1,"craigens","CP10","CP19",7488,NA,2021-03-08 16:00:00,NA,1,NA,"No"
"1015","17786_2021-03-09",1,"craigens","CP10","CP9",7491,NA,2021-03-09 12:00:00,NA,1,NA,"No"
"1016","17790_2021-03-09",1,"uiskentuie","CP25","LY30",7492,NA,2021-03-09 12:10:00,NA,1,NA,"No"
"1017","17761_2021-03-09",1,"craigens","CP10","CP9",7491,NA,2021-03-09 12:00:00,NA,1,NA,"No"
"1018","17759_2021-03-09",1,"craigens","CP1","CP9",7491,NA,2021-03-09 12:00:00,NA,1,NA,"No"
"1019","17786_2021-03-09",1,"craigens","CP5","CP9",7491,NA,2021-03-09 12:00:00,NA,1,NA,"No"
"1020","17761_2021-03-09",1,"craigens","CP8","CP9",7491,NA,2021-03-09 12:00:00,NA,1,NA,"No"
"1021","17807_2021-03-09",1,"ronnachmore","CR11","RM16",7493,NA,2021-03-09 13:35:00,NA,16,NA,"No"
"1022","17807_2021-03-09",1,"ronnachmore","CR12","RM16",7493,NA,2021-03-09 13:35:00,NA,16,NA,"No"
"1023","17790_2021-03-11",1,"craigens","CP5","CP51",7500,NA,2021-03-11 11:25:00,NA,3,NA,"No"
"1024","17761_2021-03-11",1,"craigens","CP5","CP51",7500,NA,2021-03-11 11:25:00,NA,3,NA,"No"
"1025","17786_2021-03-11",1,"craigens","CP5","CP51",7500,NA,2021-03-11 11:25:00,NA,3,NA,"No"
"1026","17790_2021-03-11",1,"craigens","CP2","CP51",7500,NA,2021-03-11 11:25:00,NA,3,NA,"No"
"1027","17761_2021-03-11",1,"craigens","CP2","CP51",7500,NA,2021-03-11 11:25:00,NA,3,NA,"No"
"1028","PIFO60_2021-03-11",1,"craigens","CP2","CP51",7500,NA,2021-03-11 11:25:00,NA,3,NA,"No"
"1029","17786_2021-03-11",1,"craigens","CP2","CP51",7500,NA,2021-03-11 11:25:00,NA,3,NA,"No"
"1030","17759_2021-03-11",1,"craigens","CP2","CP51",7500,NA,2021-03-11 11:25:00,NA,3,NA,"No"
"1031","17786_2021-03-22",1,"craigens","CP9","CP9",7521,NA,2021-03-22 12:00:00,NA,1,NA,"Yes"
"1032","17761_2021-03-22",1,"craigens","CP16","CP9",7521,NA,2021-03-22 12:00:00,NA,1,NA,"No"
"1033","17786_2021-03-22",1,"craigens","CP4","CP9",7521,NA,2021-03-22 12:00:00,NA,1,NA,"No"
"1034","17786_2021-03-22",1,"craigens","CP5","CP9",7521,NA,2021-03-22 12:00:00,NA,1,NA,"No"
"1035","17790_2021-03-22",1,"craigens","CP21","CP9",7521,NA,2021-03-22 12:00:00,NA,1,NA,"No"
"1036","17761_2021-03-22",1,"craigens","CP5","CP9",7521,NA,2021-03-22 12:00:00,NA,1,NA,"No"
"1037","17786_2021-03-22",1,"craigens","CP12","CP9",7521,NA,2021-03-22 12:00:00,NA,1,NA,"No"
"1038","17759_2021-03-22",1,"craigens","CP1","CP9",7521,NA,2021-03-22 12:00:00,NA,1,NA,"No"
"1039","17761_2021-03-22",1,"craigens","CP59","CP9",7521,NA,2021-03-22 12:00:00,NA,1,NA,"No"
"1040","17761_2021-03-22",1,"craigens","CP15","CP9",7521,NA,2021-03-22 12:00:00,NA,1,NA,"No"
"1041","17790_2021-03-22",1,"craigens","CP2","CP9",7521,NA,2021-03-22 12:00:00,NA,1,NA,"No"
